UserID,RequestType,VisitCount
73,0,9
979,0,1
231,1,8
1217,0,4
439,1,9
769,1,7
843,0,8
69,1,1
233,1,2
1138,0,10
167,1,8
1307,1,10
383,0,5
43,0,1
347,1,6
1137,1,10
254,1,2
1241,1,4
558,1,7
758,0,7
127,1,8
302,1,3
704,0,2
706,1,3
437,1,4
940,1,7
1061,1,7
845,1,6
862,0,7
1330,1,4
167,1,6
321,1,5
107,1,5
1325,1,8
914,1,7
245,1,1
840,1,6
466,1,7
944,1,5
515,0,6
187,1,1
734,1,3
37,1,6
35,1,9
894,1,2
24,1,8
850,1,8
436,1,6
220,1,8
85,1,9
48,1,10
1133,1,6
381,1,3
91,1,3
1389,1,6
105,1,6
642,1,10
1352,1,8
277,1,10
141,0,10
815,1,7
50,0,3
191,1,2
767,1,10
244,1,3
934,1,2
286,1,7
156,1,1
14,0,7
989,0,6
589,1,1
8,1,2
170,0,7
1001,1,9
1035,1,8
624,1,6
110,0,10
402,1,7
1423,1,7
541,0,1
39,1,5
1257,1,5
558,1,1
997,1,9
898,0,8
420,0,3
796,1,9
385,0,4
538,1,3
308,0,3
374,0,3
42,0,6
866,1,2
915,1,5
848,0,3
1418,1,2
914,1,2
1015,1,5
486,0,9
524,1,7
906,1,3
40,1,5
151,1,1
1162,0,4
490,1,1
1167,0,5
1048,0,3
782,1,1
446,0,9
981,1,3
915,1,1
1180,0,6
610,0,10
1434,1,4
306,1,9
244,1,5
425,1,2
1219,1,3
1170,0,9
870,0,10
284,1,7
1000,1,5
215,1,3
451,0,1
337,1,5
229,1,6
1302,0,9
801,0,10
1319,1,1
1104,0,10
424,1,8
295,1,9
303,1,7
128,1,10
1311,0,5
549,0,5
1448,1,1
601,0,4
95,1,3
1243,1,4
580,1,8
757,1,8
621,0,7
164,1,1
820,1,3
286,1,3
64,0,2
1183,1,10
972,1,1
1492,1,7
437,1,1
1333,1,8
1179,1,3
252,0,10
1058,0,10
1088,1,1
483,0,2
896,0,10
565,1,1
1500,1,2
534,1,4
617,0,10
170,1,4
99,1,5
167,1,10
1047,1,3
80,1,7
31,1,6
311,1,2
750,0,9
234,1,10
535,1,9
672,1,9
1095,0,10
1476,1,2
919,1,5
1168,1,5
242,1,6
484,1,7
1304,1,6
899,1,6
632,1,10
254,0,5
821,1,7
704,0,6
574,1,3
825,0,10
1079,1,1
215,1,5
346,1,1
318,1,6
699,1,3
561,1,9
678,0,9
365,0,7
218,1,3
151,1,2
344,0,10
491,1,8
1465,0,3
706,0,9
812,0,9
682,1,5
158,1,4
1345,1,3
862,1,3
404,1,7
539,1,10
885,0,7
381,0,2
1475,1,9
200,1,9
12,0,5
439,0,6
249,1,3
927,1,2
650,1,5
646,1,4
235,1,1
232,0,7
851,1,6
298,0,7
586,0,1
432,1,2
515,0,9
567,1,4
1481,1,6
511,1,5
162,1,2
292,1,2
834,1,3
942,1,8
688,1,4
923,1,8
729,1,2
137,0,6
437,1,10
1473,1,2
1193,1,5
431,1,10
1360,1,6
177,1,4
1179,1,4
207,1,1
844,1,2
1457,1,9
1332,1,1
373,1,4
535,0,2
630,1,1
180,0,1
802,1,7
914,0,9
179,0,5
387,1,1
415,1,9
1114,1,2
3,1,7
882,0,3
167,1,8
371,1,2
143,1,9
991,0,4
1462,1,6
60,0,5
371,0,6
1115,0,6
73,0,2
408,1,2
1364,1,7
448,1,2
211,0,6
868,0,10
827,1,8
655,1,6
1008,0,7
988,1,10
72,1,8
181,0,9
888,0,4
816,1,3
790,0,4
613,1,10
1148,1,8
193,1,4
264,1,2
335,1,9
478,0,6
1188,1,9
118,1,1
927,0,4
1073,1,5
1294,1,10
380,1,6
457,1,10
187,1,8
1492,1,4
213,0,8
451,1,4
1071,1,2
746,1,10
831,1,9
303,1,3
936,0,1
593,0,7
348,1,8
274,1,10
256,0,3
592,1,5
498,1,6
560,1,9
1235,1,6
68,1,5
426,0,6
668,1,6
675,1,5
1063,1,3
506,0,7
985,0,5
1004,1,7
886,1,8
1309,0,10
952,0,6
26,1,5
733,1,3
1012,1,3
97,0,1
1307,1,10
639,1,5
270,1,7
1016,0,8
3,0,2
1163,1,7
417,0,8
998,0,10
469,1,2
991,0,4
125,1,3
142,1,10
354,1,1
239,1,3
898,0,7
789,0,1
953,1,4
10,0,3
73,1,6
626,0,5
956,0,8
304,0,4
997,0,1
1233,0,7
611,1,1
247,1,7
732,0,6
1481,1,8
1299,1,3
705,1,10
718,0,9
717,1,3
229,1,8
800,1,6
1234,0,10
122,1,4
31,1,4
427,1,5
422,0,7
1454,1,1
123,1,6
610,1,5
868,1,6
882,1,8
316,0,1
186,1,7
1031,1,4
38,1,10
330,1,5
848,0,4
1011,0,9
468,1,10
750,1,10
630,1,1
286,0,6
455,1,3
961,1,3
1487,0,8
359,0,6
1257,1,7
512,0,5
1156,0,8
725,1,3
895,1,10
378,0,2
150,1,8
28,1,3
334,0,6
398,1,10
389,1,7
1190,1,7
626,0,10
227,0,9
401,0,2
266,1,9
89,1,3
839,0,3
409,1,3
575,1,7
337,1,9
495,1,2
230,1,7
221,1,4
603,0,3
899,1,8
421,1,7
1118,0,9
310,1,9
166,1,1
886,1,6
235,0,5
164,1,10
1060,0,1
997,1,8
686,1,8
137,1,10
160,1,2
231,1,3
705,1,8
671,0,4
481,1,3
168,1,4
445,1,9
1043,1,2
83,1,9
695,1,6
350,1,2
320,1,1
1130,1,1
953,0,8
949,1,6
1117,0,3
1145,0,4
902,1,3
410,1,6
1358,1,3
276,1,7
568,0,5
990,1,8
1322,1,9
111,0,6
575,0,3
32,1,10
578,1,9
824,1,5
390,0,2
1046,1,7
751,1,2
983,1,6
1483,0,5
1112,0,7
198,0,9
268,0,5
1141,0,3
936,1,2
642,1,5
671,1,6
937,1,6
726,1,4
502,0,9
643,0,3
978,1,1
1178,1,6
735,1,8
812,0,2
477,1,4
584,0,4
847,0,1
988,1,2
940,1,10
207,0,5
754,1,4
1390,1,9
93,1,9
719,1,5
455,1,10
441,1,5
1003,1,4
1302,0,1
706,0,1
412,1,3
154,0,7
338,0,4
626,1,8
840,1,4
726,0,4
507,1,1
1166,1,9
25,1,10
555,1,5
193,1,10
109,1,6
121,0,6
653,1,3
754,0,10
1371,0,10
485,0,2
994,0,7
564,1,5
1122,1,10
457,0,8
56,0,4
772,0,1
255,1,1
931,1,4
167,0,2
906,1,5
1430,1,2
1303,0,10
144,0,10
272,1,8
1476,1,6
611,1,6
183,1,9
1265,1,1
947,1,1
101,0,6
271,1,6
85,0,3
894,1,8
990,0,8
492,0,1
785,1,3
8,0,6
619,0,2
826,1,3
307,0,2
1405,1,1
1005,0,7
178,0,2
926,0,2
596,1,3
503,1,3
965,1,1
263,1,3
260,1,9
508,0,5
1002,0,2
205,0,6
78,0,8
563,1,8
1028,1,1
1155,1,8
1361,1,10
549,0,8
405,0,4
686,1,8
899,0,9
476,1,1
399,0,7
448,0,10
324,1,9
653,1,8
222,1,8
497,1,8
569,1,2
720,0,9
935,1,6
1251,1,3
327,1,8
1302,1,4
1350,1,7
745,1,1
1462,0,1
537,1,8
436,1,1
764,1,8
28,1,6
684,1,6
807,0,7
732,0,1
321,0,2
1463,1,2
803,1,3
381,1,7
919,1,2
113,1,9
413,1,1
426,0,3
473,1,7
976,1,6
597,1,9
773,1,1
880,0,9
125,1,9
235,0,10
1497,1,6
431,1,7
1148,1,1
283,1,10
31,1,10
459,1,9
1421,0,1
157,0,1
542,1,9
435,1,10
1424,1,2
881,0,1
413,1,5
1070,1,9
1334,0,1
641,1,1
1436,0,3
1099,1,7
97,1,10
401,1,4
146,0,10
199,1,10
875,1,2
317,1,6
1091,1,10
102,1,2
1174,1,6
636,1,8
1009,0,3
455,0,10
744,1,1
1414,1,3
660,0,2
60,1,9
448,0,8
46,0,4
722,0,4
1247,0,9
777,0,6
600,1,5
685,1,7
1042,1,1
887,1,7
927,1,10
479,1,10
1150,1,7
1355,1,5
242,1,1
855,1,10
274,1,10
1170,1,4
62,1,7
597,1,7
101,0,10
1357,0,2
832,1,3
172,1,9
527,1,6
1115,0,4
1155,1,2
594,1,8
668,0,5
729,1,5
447,1,2
1383,1,9
524,1,2
1026,1,3
1191,1,5
7,1,2
471,0,7
1042,1,10
562,0,8
844,0,10
138,1,1
745,0,10
830,0,8
196,0,4
356,1,6
914,1,3
341,1,8
1454,1,2
247,1,10
500,0,8
237,1,7
722,1,3
995,1,7
280,1,4
972,0,3
73,1,3
532,0,9
78,1,1
994,1,10
943,1,10
753,1,6
614,1,2
414,1,5
381,0,1
724,1,5
235,0,4
602,1,2
1021,1,4
594,1,7
721,0,1
1465,1,3
389,1,9
39,1,2
45,1,10
1032,1,9
640,1,10
998,1,7
738,0,6
648,1,5
926,1,10
307,1,10
356,0,3
46,1,5
1489,1,2
313,1,10
470,1,9
508,1,2
997,1,9
770,1,8
448,1,1
668,1,7
850,0,9
934,1,4
504,0,10
660,0,2
1084,0,5
1378,0,3
1186,1,10
586,1,3
507,1,6
435,1,5
855,1,10
983,1,1
710,0,8
1164,0,9
984,1,6
53,0,9
450,0,4
1367,0,10
491,1,9
95,0,10
790,1,9
483,1,9
1439,1,10
202,1,3
18,1,4
1316,1,5
543,0,5
1001,1,2
274,1,1
350,1,8
754,1,7
435,1,3
1365,1,7
104,1,9
1480,1,5
969,1,2
1273,1,5
1049,0,7
290,1,2
447,1,9
115,1,8
488,1,3
504,1,8
1281,1,8
231,1,3
549,1,8
763,1,9
54,1,3
624,1,2
581,1,7
727,1,6
223,0,7
952,0,2
916,0,2
814,1,1
1130,1,9
115,1,10
472,1,7
369,1,3
174,1,6
801,1,4
432,0,3
383,1,5
94,1,6
363,1,7
919,0,7
933,1,9
543,0,5
111,0,2
186,1,8
936,1,2
1404,0,7
121,1,1
757,1,10
431,1,5
1465,0,7
942,1,7
429,1,5
763,1,3
473,1,4
263,1,9
617,1,2
304,1,8
22,1,10
258,1,9
394,0,9
747,1,3
1014,1,10
557,0,4
859,1,6
307,1,5
696,1,2
309,0,1
471,1,3
538,0,8
496,1,5
127,1,2
1361,1,1
693,1,2
143,1,4
174,1,1
56,0,1
1084,1,9
261,1,7
1134,1,6
958,1,7
514,1,4
521,1,7
1219,0,3
490,1,7
1044,1,8
1082,0,2
205,1,3
880,1,4
900,1,1
593,0,9
511,1,10
987,1,6
409,0,3
696,0,6
348,1,5
785,0,8
970,1,8
841,1,5
362,1,2
763,1,8
311,0,5
474,0,8
525,0,2
471,0,1
938,0,4
1380,0,6
219,1,6
1003,1,2
24,0,1
892,1,10
323,1,6
193,0,2
408,1,3
1111,1,7
892,1,4
840,1,5
505,1,1
143,1,8
637,1,6
744,0,5
958,1,9
89,1,1
1233,1,1
832,1,9
1251,1,1
635,0,3
181,0,1
904,0,6
818,1,1
645,1,4
670,1,8
1424,1,3
231,1,1
223,1,8
86,1,8
46,1,4
466,1,5
293,1,7
900,1,8
487,0,7
240,1,5
169,1,7
819,0,1
1388,0,9
1215,1,9
812,1,8
1237,1,2
1358,1,8
105,1,2
121,1,6
621,1,4
646,1,7
454,1,8
852,0,5
178,1,1
285,0,3
83,1,5
680,1,3
1372,0,7
555,1,9
526,0,6
1024,0,2
866,0,6
150,1,10
372,0,8
57,1,6
750,1,2
794,1,7
796,1,4
915,1,3
849,1,9
569,1,4
752,1,8
510,1,7
311,1,7
1467,1,10
21,1,9
522,0,3
19,1,6
1074,1,10
454,1,3
591,1,8
413,0,2
356,1,2
636,1,1
1494,0,9
895,1,9
836,0,2
336,0,8
776,1,7
306,1,5
1037,1,10
1245,1,3
1179,1,5
379,0,5
768,1,9
472,1,1
870,1,4
805,1,2
126,1,9
178,1,4
89,1,6
1405,1,1
1273,1,8
36,1,4
818,0,6
84,1,9
712,1,9
220,1,1
1347,1,9
145,1,9
314,1,9
436,0,5
781,1,3
161,0,10
165,0,7
585,1,2
614,1,10
85,1,4
869,1,7
809,1,5
984,1,5
1089,1,10
99,0,6
631,1,8
486,1,2
193,0,2
636,1,9
126,1,3
92,1,5
271,0,10
974,1,5
555,1,2
1229,0,10
892,0,8
255,1,1
154,1,10
636,1,7
910,1,5
796,1,7
560,0,9
337,0,2
473,0,5
1294,0,5
550,1,2
505,1,4
1489,0,3
73,0,2
965,1,2
1185,1,10
589,1,5
834,0,1
1086,1,6
1451,0,1
462,1,10
92,0,4
543,1,8
759,1,10
1241,1,7
976,1,10
774,1,8
622,0,5
1366,0,3
1239,1,4
1203,1,8
103,1,8
208,1,10
30,1,6
587,1,7
1230,1,6
558,1,8
1201,1,6
569,1,7
260,1,9
1220,0,3
152,1,1
68,0,9
734,1,6
422,1,9
478,1,3
158,1,10
935,1,7
869,0,4
610,1,3
15,1,1
1297,1,7
196,1,9
1416,1,4
630,0,3
156,1,5
1047,1,4
17,1,4
303,1,2
1298,0,5
969,1,5
78,1,2
1498,1,2
1055,1,7
748,1,6
235,0,10
135,1,9
510,1,3
1490,1,2
582,1,1
35,1,5
1413,1,7
1448,0,1
623,0,9
972,1,10
1287,1,4
671,1,5
227,1,8
1397,0,7
13,1,6
192,0,9
945,1,5
766,1,5
516,1,9
424,0,9
881,1,9
685,1,8
812,1,9
854,1,2
17,1,9
687,1,3
954,1,10
1005,1,10
482,1,8
405,1,6
1375,1,3
434,0,2
928,0,1
593,1,6
301,1,5
1039,1,7
81,1,7
237,1,2
641,0,10
1474,1,7
1053,0,2
906,1,9
161,1,5
595,1,2
912,1,3
17,1,4
964,1,9
76,1,7
770,1,3
342,1,10
943,1,2
413,1,9
706,0,7
259,1,4
594,1,5
878,1,6
423,0,8
186,1,7
8,1,10
483,0,1
1045,1,5
525,1,7
451,1,8
940,1,9
1298,0,9
639,1,3
930,0,2
64,1,9
79,1,5
314,0,3
591,1,7
50,1,5
909,1,2
364,1,5
1367,0,8
108,0,4
358,1,1
127,1,4
888,1,4
428,1,6
76,1,2
619,1,9
153,1,8
142,1,9
709,0,4
538,1,10
71,0,9
879,1,6
1440,0,8
1084,0,7
949,1,7
1463,1,4
729,1,7
969,1,2
597,1,10
838,1,3
882,1,10
1312,1,5
973,1,5
820,0,5
1394,0,10
1125,0,5
337,1,8
71,0,5
571,1,5
644,0,3
49,1,6
642,1,1
724,1,6
595,1,1
567,1,4
627,1,6
237,1,10
884,1,6
852,1,8
545,1,1
698,1,3
1469,0,10
404,1,2
250,1,1
167,0,2
1102,1,3
655,1,5
19,1,6
780,1,8
1476,1,1
648,0,5
371,0,3
416,0,6
653,1,1
834,1,10
850,0,3
447,0,1
42,1,3
956,1,9
1211,1,6
942,1,9
1181,1,2
1485,0,2
721,1,9
747,0,6
412,0,1
82,1,8
490,1,7
610,0,3
1404,1,10
624,1,3
21,1,5
409,1,8
754,0,7
619,1,1
525,0,4
327,1,6
1274,1,4
1379,1,3
1205,1,9
574,1,7
749,1,9
392,1,3
782,1,9
1478,0,8
389,1,2
183,0,8
351,1,4
473,1,6
1189,0,7
643,1,8
896,0,9
728,1,3
1264,1,9
144,0,2
702,1,9
1196,1,6
413,1,4
791,1,4
1443,0,8
1492,0,6
61,0,9
525,1,4
399,1,4
372,1,4
627,1,9
1064,1,6
39,1,10
652,1,4
700,0,2
125,1,10
845,1,4
20,0,7
833,1,7
693,1,3
258,0,4
641,1,5
1179,1,3
1470,1,1
325,0,6
1437,1,4
463,1,3
1141,1,4
1451,1,1
353,1,10
1291,1,2
211,0,7
928,1,10
390,1,9
673,1,6
562,1,10
577,1,10
263,1,7
660,0,9
990,1,8
537,1,5
971,0,5
603,0,8
1009,0,2
533,1,8
521,0,5
849,0,1
1192,1,1
1050,0,3
1480,1,2
193,1,3
163,1,3
1187,1,6
980,0,7
1370,1,2
907,0,10
395,1,5
1476,1,3
1121,1,7
545,0,1
987,1,1
710,0,9
264,1,7
677,1,4
437,1,8
345,0,6
351,1,2
346,1,8
1306,0,10
980,0,10
36,1,2
1042,0,3
1270,0,2
1484,0,1
527,0,8
324,1,2
22,0,5
1262,0,9
521,1,8
1075,1,6
1270,1,9
997,0,6
707,1,10
208,1,5
62,1,2
50,0,3
923,1,8
638,1,7
1250,1,10
1365,1,1
1403,0,2
693,1,6
1456,1,1
1362,1,9
544,0,4
827,0,2
566,1,8
16,0,4
528,1,2
366,1,4
1215,1,2
895,1,2
918,0,1
674,1,1
1428,1,6
190,0,8
464,1,6
340,1,5
377,1,4
543,0,5
978,1,6
591,1,9
661,1,5
386,0,1
449,0,10
504,1,6
653,1,5
253,1,6
153,1,9
688,1,8
366,0,6
1179,1,8
115,1,2
61,1,7
622,1,1
1374,1,9
1397,1,10
1408,1,10
475,1,5
1488,1,9
286,1,10
1240,1,2
399,1,8
1411,0,3
943,1,1
777,1,7
66,1,6
34,0,5
1000,1,9
1272,0,10
476,0,1
1210,1,9
295,1,3
620,0,7
722,1,1
472,1,4
819,0,10
771,1,2
1010,1,4
729,1,6
742,1,4
198,1,4
554,0,6
218,1,10
71,1,3
202,0,3
584,1,9
4,1,10
979,1,10
135,0,8
246,0,6
419,0,10
125,1,7
670,1,9
957,1,8
156,1,10
940,1,4
1102,1,4
684,1,6
567,0,8
923,0,4
119,1,2
732,0,1
545,1,4
370,1,6
491,0,7
1243,0,8
1261,1,2
188,1,2
1331,1,6
296,0,6
1434,1,5
484,1,1
250,1,8
4,1,8
1302,1,3
1175,1,4
106,1,4
226,1,7
213,1,6
1069,1,7
161,0,8
579,0,4
1156,1,8
478,1,10
1457,1,9
1042,1,4
1005,0,6
926,1,3
435,1,8
746,1,7
1020,1,10
760,1,10
842,0,5
1401,1,3
549,0,10
600,1,4
103,1,10
479,0,6
1432,0,3
1400,1,1
1079,1,3
27,1,2
878,0,3
539,0,6
116,0,2
243,0,9
1475,1,3
1333,1,6
138,1,10
992,1,7
1395,1,2
780,1,7
376,0,3
959,1,3
421,1,8
1372,1,4
1259,1,6
149,1,3
1409,1,3
1104,1,10
913,1,5
615,0,6
97,1,3
955,1,3
233,0,5
893,1,7
439,1,5
803,1,7
892,1,1
83,1,8
360,1,8
242,1,1
474,1,8
1176,1,10
1245,1,9
280,1,4
104,1,2
123,0,2
736,1,10
799,1,3
604,0,9
843,1,6
955,0,3
1392,1,2
1091,0,1
152,1,1
633,1,2
376,1,10
142,0,8
465,0,2
1500,0,7
634,1,7
759,1,4
1116,1,10
1041,0,3
12,0,3
1457,1,6
100,0,5
1307,1,3
892,1,2
121,1,1
1326,0,2
640,1,5
260,1,6
303,1,1
962,1,4
220,1,1
273,1,1
617,1,6
33,0,9
49,1,8
1103,1,7
492,0,8
791,1,10
138,1,8
1405,1,2
187,1,10
302,1,7
830,1,9
1423,1,9
252,0,2
779,1,1
479,1,2
468,1,9
493,1,5
314,1,10
1475,1,2
224,1,4
666,1,9
1125,0,5
439,1,9
767,0,3
48,0,8
937,1,1
521,1,4
1005,1,8
1209,1,10
249,1,6
225,0,10
1334,1,7
1318,1,5
930,1,2
957,1,9
1024,1,6
477,0,2
1494,1,10
549,1,8
1227,0,6
1131,0,1
647,1,10
409,1,1
228,1,4
40,1,1
262,0,7
517,0,8
825,0,5
1142,0,10
964,1,9
822,1,6
308,1,1
590,1,3
423,1,5
1423,0,9
511,0,2
468,1,3
1212,0,7
123,1,9
1128,1,10
125,0,8
372,0,2
279,0,9
340,0,3
586,1,8
684,1,6
148,1,1
826,1,5
526,0,3
102,1,2
1281,1,2
963,0,3
1098,1,6
749,0,8
1349,1,10
1021,1,2
149,1,3
724,1,9
136,1,10
959,1,4
736,1,6
1092,1,3
120,1,8
387,1,4
32,1,4
131,1,7
679,1,3
1424,1,3
727,1,10
742,1,7
1459,0,3
135,0,10
459,0,8
830,1,4
72,1,4
136,1,7
533,0,6
1410,1,6
558,0,8
154,1,10
843,1,6
186,1,7
1061,1,8
45,1,2
379,1,9
1141,1,8
822,0,10
350,1,1
263,1,9
1156,0,8
179,1,4
879,0,4
352,1,7
1483,1,1
704,1,1
938,0,9
1026,0,1
773,0,8
483,1,4
154,1,1
976,1,3
32,0,2
705,0,3
590,1,3
113,1,9
794,0,8
1027,1,5
887,1,6
546,1,5
339,0,1
376,0,2
909,1,6
238,0,3
852,1,6
523,1,8
773,1,8
843,0,6
1110,1,9
142,0,4
691,1,4
1011,1,4
641,0,8
385,1,8
1321,0,7
7,1,9
1346,0,7
509,1,3
214,1,6
590,1,8
743,1,3
210,1,7
409,1,9
1396,1,10
717,1,3
954,1,6
580,1,8
482,0,9
78,1,7
924,1,7
531,1,2
1118,1,10
1262,1,4
918,1,1
627,1,6
664,1,1
428,0,9
465,1,9
220,1,7
396,1,4
136,0,9
407,1,9
351,1,3
755,1,6
721,1,9
824,0,10
1078,0,4
390,1,4
335,1,5
1245,1,10
190,1,10
387,0,7
176,1,4
44,1,1
297,1,4
1189,1,7
5,0,5
673,1,5
948,0,9
617,1,8
549,1,4
1499,1,1
328,0,9
456,1,10
984,0,6
368,0,10
564,1,4
381,0,2
715,0,9
757,1,8
424,0,8
362,1,4
626,0,10
526,0,1
489,0,3
196,0,5
1316,1,3
521,0,2
752,1,7
782,0,3
850,0,10
97,0,9
1292,1,8
454,0,9
313,1,2
1414,1,3
1442,0,5
722,0,4
977,1,7
837,0,10
1262,1,4
413,0,5
135,1,8
736,1,9
420,1,6
885,1,10
330,1,1
461,1,2
66,0,4
874,1,4
33,0,3
1350,1,6
66,1,4
635,1,9
631,0,6
553,0,2
752,1,5
966,1,6
217,1,2
104,1,9
914,1,8
457,0,6
1175,0,5
83,1,1
78,1,10
1438,1,10
739,1,3
1002,1,1
655,0,5
882,1,10
869,1,2
787,1,9
604,1,9
447,1,1
182,1,8
176,1,1
1207,1,2
137,1,1
1236,0,7
413,1,6
351,0,1
907,1,3
621,1,1
100,1,10
70,1,5
525,1,10
856,1,5
787,0,4
1011,1,4
19,1,2
455,0,7
911,1,8
1122,0,8
333,1,10
1490,1,10
401,1,6
152,1,5
1044,1,6
186,0,2
519,1,7
982,1,7
936,0,7
470,0,9
654,0,10
1310,1,2
706,1,7
621,1,5
606,1,4
464,0,8
167,1,3
564,1,3
709,1,9
1086,1,7
403,1,8
834,1,3
565,1,2
907,1,10
490,1,9
1287,1,9
226,0,8
450,1,4
1121,0,10
262,0,4
1393,0,7
42,1,1
706,1,8
245,1,3
240,0,9
301,0,2
1296,1,9
666,1,7
1115,1,2
113,1,6
63,1,3
92,1,6
1395,1,7
870,1,9
1282,0,10
402,1,3
483,1,10
640,1,6
8,1,8
678,0,8
1460,1,3
1212,1,3
335,0,2
804,1,1
608,1,2
744,1,7
3,1,6
413,1,1
120,0,1
1206,1,4
895,0,6
800,0,6
245,1,6
694,1,6
649,0,6
312,1,3
900,1,5
409,1,2
636,1,5
798,1,1
48,0,1
936,0,6
1329,1,8
784,1,3
1006,0,4
269,1,3
11,0,9
1050,0,5
749,1,2
1393,1,2
1028,0,8
277,0,3
130,0,9
778,1,5
766,1,6
10,1,10
217,1,4
103,0,3
208,0,7
782,0,1
752,1,1
905,1,8
1028,1,8
698,1,8
151,0,3
868,0,6
139,1,6
67,0,7
242,1,2
945,1,6
411,1,4
875,0,8
984,1,6
314,1,5
961,0,8
107,1,2
147,1,2
746,1,10
489,1,1
154,1,6
673,1,6
528,1,9
770,1,8
316,1,6
1083,1,4
966,0,8
1029,1,5
575,0,2
580,1,10
1132,0,8
1167,1,2
954,1,10
813,1,10
141,1,2
1018,0,2
136,1,10
1177,0,1
495,1,1
161,1,10
15,0,10
566,1,2
322,1,10
255,1,7
169,1,6
776,1,8
297,1,4
984,1,4
84,1,1
626,1,2
519,1,8
217,1,4
993,1,3
874,0,1
272,1,3
227,1,7
181,1,4
8,0,4
595,1,5
108,1,2
614,1,6
1056,1,6
878,1,9
1227,1,4
412,0,5
1106,0,7
188,1,6
830,1,5
107,1,4
601,1,3
1149,1,2
101,1,1
1119,1,4
1480,1,9
106,0,9
217,1,3
1431,1,3
1394,1,2
762,1,4
124,1,5
58,1,9
1258,1,1
322,1,2
1189,1,2
468,0,5
139,1,4
13,1,1
416,1,8
461,1,8
1240,1,8
1085,1,3
165,0,2
298,1,8
950,0,7
116,1,2
381,1,10
389,0,7
613,1,5
1112,1,7
188,1,8
1146,1,2
354,1,3
166,1,1
1253,1,9
623,1,7
1017,0,1
558,1,2
1126,1,7
72,1,1
100,1,3
539,0,4
759,1,6
1125,1,10
168,1,6
869,1,3
601,1,6
590,1,4
1010,1,8
1075,1,9
1073,1,10
92,1,6
799,1,6
669,1,1
1292,1,10
325,1,5
939,1,5
1310,1,8
787,0,3
442,1,1
34,1,3
762,0,1
565,1,7
132,1,1
300,1,3
304,1,5
331,1,8
157,0,9
1241,1,1
1259,1,3
755,0,5
732,1,4
277,1,3
581,1,9
522,1,3
205,0,6
172,1,1
351,1,9
603,1,6
984,1,4
243,0,7
880,1,2
96,1,8
70,1,5
553,1,10
364,1,8
55,0,3
542,1,7
715,1,8
1193,0,5
252,0,4
127,1,6
243,1,7
422,1,8
1301,0,1
795,1,2
250,1,5
72,1,3
1360,1,8
1051,1,6
371,1,7
433,1,1
255,1,7
606,0,4
1304,1,1
574,1,3
1271,1,6
786,0,3
929,0,2
370,0,6
407,0,4
560,1,8
1171,1,9
436,1,6
1367,1,9
1332,1,9
684,1,7
1317,1,2
389,1,7
444,1,5
757,0,7
1130,0,9
539,1,1
1019,1,8
1310,0,2
941,1,8
333,0,3
792,1,2
172,0,3
1150,0,10
54,1,1
40,1,7
558,1,5
890,0,2
645,1,7
1225,1,7
119,1,3
1293,0,2
910,0,10
731,1,7
368,1,3
920,1,9
1209,1,7
906,0,1
773,0,2
606,1,5
771,1,5
308,1,10
747,1,1
446,1,9
391,1,5
115,1,7
59,1,4
865,0,6
208,1,6
115,1,4
1499,1,3
539,0,8
755,0,7
6,1,3
529,1,6
582,1,7
427,0,1
522,1,3
124,1,2
1405,1,8
1145,0,2
994,1,10
358,1,5
1464,1,2
542,1,7
6,1,3
558,1,5
1482,1,5
519,1,2
556,1,5
828,1,4
93,1,4
576,1,4
4,1,2
394,0,8
943,0,7
1153,1,4
477,1,4
479,0,9
88,1,10
555,1,10
438,1,7
305,1,7
412,1,7
182,1,7
1069,0,1
670,1,7
804,1,4
94,0,7
328,1,6
1009,0,3
756,0,1
635,1,1
631,1,7
450,0,8
25,0,8
542,1,6
1482,1,9
1316,1,2
857,1,9
1474,1,2
1392,0,9
206,1,8
968,1,7
682,0,6
1032,0,9
929,1,2
1393,1,3
545,1,10
49,1,9
580,1,7
574,1,9
1444,1,6
785,0,1
171,1,7
942,0,4
386,1,7
199,1,9
519,1,10
974,1,2
827,1,9
892,1,4
970,1,4
181,1,6
570,1,8
628,0,6
667,1,1
977,1,4
257,0,10
433,1,8
744,0,9
466,1,8
916,1,4
792,1,9
343,1,6
33,0,5
219,1,10
545,0,6
315,1,5
870,0,6
583,1,5
373,0,8
1168,1,9
502,1,2
843,0,8
56,1,4
560,1,9
1496,1,6
358,1,1
1222,1,2
641,1,2
1215,1,8
698,1,7
962,1,10
233,1,8
1252,1,2
270,1,7
786,1,3
84,1,6
387,1,7
1369,1,9
357,0,5
751,1,5
131,0,10
190,1,2
308,1,2
688,1,3
960,0,5
594,1,8
423,1,10
620,0,6
629,1,6
200,0,3
1377,1,8
276,1,2
864,1,9
17,1,6
157,1,5
1444,0,1
488,1,3
531,1,10
181,1,4
201,0,10
602,1,8
35,0,4
970,1,5
672,1,8
783,1,6
312,0,8
655,1,2
528,1,4
1380,1,3
88,0,10
1171,1,9
349,1,1
865,1,4
1346,1,3
920,1,6
44,0,2
939,0,8
224,1,4
279,1,2
770,0,10
164,1,2
364,0,7
936,0,8
786,0,9
1404,1,6
828,0,7
479,1,10
709,1,5
317,1,4
173,1,1
894,1,1
493,0,4
1235,1,2
727,1,10
1038,1,8
600,1,9
289,1,2
1227,0,10
1171,1,2
572,1,8
648,0,7
1492,1,6
482,0,7
386,0,8
583,0,10
1051,0,3
228,1,10
54,1,4
623,1,1
336,0,4
419,0,3
434,1,7
178,0,6
54,0,10
951,1,3
238,1,1
10,1,3
537,1,1
277,1,5
698,0,9
1421,1,3
782,1,5
441,0,8
395,1,10
71,1,7
571,1,9
991,1,2
181,0,5
53,1,9
507,1,5
146,0,7
321,1,9
170,1,8
1303,1,4
232,0,4
937,0,8
1194,1,5
288,0,8
774,0,2
981,0,3
1160,1,1
814,1,1
813,1,5
459,0,6
1054,1,2
224,1,2
9,0,10
113,1,1
45,1,6
688,1,6
935,0,10
1002,1,2
778,0,10
737,1,8
1467,1,9
1007,1,4
800,1,10
432,1,9
741,1,4
1440,0,3
721,1,1
150,1,9
992,1,9
1261,1,7
1347,1,8
1438,1,3
373,0,9
324,1,5
986,1,8
65,1,10
325,1,4
1275,0,5
685,1,10
1443,1,3
813,1,10
406,0,1
857,1,6
349,0,3
910,1,6
737,1,2
492,1,9
1231,0,5
1480,1,5
865,1,9
426,1,5
934,1,2
888,1,9
1007,1,6
591,0,2
1274,0,4
400,1,5
695,1,5
397,1,7
217,0,9
192,1,6
576,0,7
1178,1,1
1189,0,5
47,1,4
158,1,4
272,0,4
589,0,1
839,1,1
161,1,10
944,0,3
317,1,8
869,1,2
304,0,3
1237,1,2
284,1,2
87,1,5
806,1,3
479,0,2
330,1,5
179,1,2
652,1,4
357,0,5
664,0,10
839,1,10
811,0,10
1004,1,4
749,1,10
257,1,5
1221,1,3
1286,1,1
1370,1,3
848,0,3
799,1,10
775,1,8
300,1,3
687,1,7
309,1,8
1111,1,1
317,1,5
1408,0,1
983,1,10
809,1,1
367,1,10
781,1,9
1147,1,6
1196,0,10
462,1,8
1014,1,5
53,1,10
1423,0,1
240,1,9
419,1,3
204,1,5
837,0,5
1131,1,3
219,1,8
798,1,6
202,1,7
1004,0,4
139,1,7
414,1,9
33,1,2
103,1,8
623,1,5
848,1,9
59,0,9
162,1,6
835,1,2
1351,1,9
437,1,1
683,1,4
1316,1,8
968,0,5
583,1,2
220,1,7
777,1,10
741,1,9
101,1,8
1375,1,3
55,1,8
1357,0,8
1236,1,10
573,1,8
340,1,3
776,0,2
101,1,6
329,0,6
665,1,8
871,1,1
1302,1,3
454,1,8
104,1,2
100,0,5
258,0,6
394,0,5
644,0,7
1238,1,7
1098,0,9
53,1,5
943,1,3
114,0,1
498,0,1
102,1,9
1495,1,6
871,1,6
569,0,4
834,1,6
693,1,7
353,0,9
893,1,4
810,1,3
682,1,5
1094,1,6
566,1,10
147,1,6
735,0,9
224,1,8
641,1,8
769,0,9
387,0,4
461,1,8
287,1,9
145,0,3
299,1,10
826,1,6
253,1,2
1391,0,10
996,1,9
136,0,1
1033,1,3
207,1,2
929,1,1
139,0,8
261,1,2
200,1,5
824,0,9
792,1,8
1109,1,10
731,0,3
729,0,2
1059,1,4
901,0,1
87,1,6
379,0,8
474,1,8
758,0,3
707,1,4
650,1,6
453,1,4
599,1,4
216,1,7
257,0,5
691,1,9
94,1,4
582,1,9
399,1,1
496,0,10
173,1,7
953,0,5
888,0,7
1333,1,6
208,1,3
885,1,6
586,1,6
227,1,10
535,0,3
60,0,4
61,1,1
252,1,6
934,1,7
1168,1,6
503,1,8
1035,1,8
233,0,8
343,1,9
1151,1,1
745,1,5
1094,1,1
1055,0,3
838,1,8
647,1,3
451,0,9
208,1,1
894,1,3
1358,0,2
482,1,7
1212,1,7
1394,1,6
880,1,7
882,0,7
507,1,10
485,1,6
491,1,10
581,1,5
242,0,9
244,0,3
1009,0,3
1252,0,10
396,1,7
982,1,7
594,1,9
893,1,7
476,1,1
127,0,10
55,0,5
99,0,10
832,1,5
265,1,3
996,0,9
294,1,9
796,1,3
917,0,8
378,1,7
937,0,7
1195,1,9
653,1,1
899,1,3
179,0,1
1247,1,10
866,0,4
975,1,10
1380,1,4
518,1,8
808,1,4
928,1,3
803,0,5
472,0,9
558,1,5
218,1,5
71,1,2
824,0,6
690,0,2
248,0,1
448,0,5
574,1,1
768,1,4
517,1,10
1143,1,2
715,1,8
549,1,4
601,0,4
850,1,2
191,1,1
992,1,3
1339,0,7
564,1,7
347,1,2
148,1,4
1211,1,6
324,0,5
772,0,10
803,0,10
1341,1,3
92,1,3
853,0,6
300,0,4
6,1,3
413,1,8
896,0,7
432,1,3
59,1,10
1176,1,6
1119,0,2
1372,0,10
685,1,7
812,1,7
1468,1,5
898,0,1
979,0,7
775,1,9
202,1,9
382,1,7
7,0,7
267,0,6
943,0,5
638,0,2
715,1,6
149,0,6
464,0,8
99,1,1
138,0,10
1178,1,3
962,1,1
456,1,6
335,1,4
844,1,9
671,1,4
747,1,8
400,1,5
416,1,1
332,1,10
701,1,3
96,1,1
312,1,2
52,0,1
778,1,8
268,1,1
1455,1,7
42,1,5
106,0,2
844,0,10
313,0,4
753,0,10
1169,1,5
12,1,10
915,1,4
537,1,4
351,1,5
736,1,8
866,1,1
1391,1,7
444,1,6
912,1,9
189,0,5
685,1,4
640,1,8
233,0,1
445,1,9
925,0,8
989,0,3
523,1,5
1345,1,1
148,0,6
843,1,6
527,0,4
272,0,10
39,1,3
297,1,9
450,0,3
968,1,10
1414,1,8
816,1,10
286,0,10
1257,0,1
990,0,9
708,1,7
1297,1,2
4,1,5
668,1,1
808,1,5
636,1,6
918,1,5
955,1,1
48,1,2
52,1,5
1098,1,1
1469,1,7
868,1,4
107,1,3
389,1,10
213,1,5
577,0,9
850,1,3
543,0,2
384,1,10
1223,1,3
512,1,4
914,1,10
1148,1,6
1410,1,9
1291,1,5
1321,1,4
987,1,4
846,0,6
674,1,6
1457,1,9
1288,0,5
337,0,1
832,1,6
662,0,2
196,1,2
802,1,8
302,0,6
441,1,8
1411,1,2
1302,1,1
495,1,1
446,0,2
951,1,4
1012,1,9
869,0,5
607,1,10
767,0,3
223,1,6
809,1,3
389,1,2
902,1,7
503,0,10
148,1,5
1008,1,2
1453,0,8
389,1,7
592,1,9
877,0,7
571,1,4
307,1,6
18,0,7
112,1,8
721,1,3
1036,1,2
1274,1,10
3,1,9
589,1,7
337,1,2
651,1,7
9,1,3
1090,0,4
748,1,3
493,1,2
760,1,1
9,0,9
398,0,6
813,1,10
765,1,10
347,1,2
699,1,8
754,1,1
1034,1,8
702,1,6
69,1,3
209,1,8
1011,0,4
103,0,6
228,1,10
389,1,4
962,1,5
510,0,7
918,1,8
569,0,10
944,1,1
294,1,7
806,1,2
91,1,2
818,1,2
1245,1,9
1381,0,10
969,1,3
613,1,5
79,1,1
48,1,4
166,1,10
1490,1,3
400,0,8
77,0,3
4,1,10
684,1,1
516,1,3
363,0,7
994,0,8
1423,1,8
948,0,7
1210,1,10
172,1,9
1270,1,1
1245,1,10
752,1,3
161,1,1
385,1,3
1180,0,6
1314,1,9
106,1,2
556,1,6
936,0,2
965,1,6
766,0,10
143,1,2
125,1,8
194,1,5
120,0,9
833,1,4
630,0,2
1246,1,3
97,1,6
477,1,5
345,0,10
347,1,8
924,0,2
493,1,10
375,0,7
545,0,2
237,1,7
103,1,5
454,1,10
368,1,9
1114,1,1
1379,1,1
782,1,6
629,0,4
481,0,1
281,1,6
362,0,7
647,1,9
289,1,9
826,1,9
997,1,8
740,1,5
907,1,9
876,1,10
672,0,1
519,1,5
804,1,9
184,1,7
434,1,1
686,1,9
1,0,8
387,1,3
808,1,4
322,0,10
221,1,1
656,1,3
629,1,10
1330,1,5
146,0,3
657,1,5
608,1,10
243,1,5
266,1,9
452,0,6
1363,0,7
518,1,4
221,1,2
7,1,10
620,0,3
1221,0,7
238,0,5
572,1,7
1412,1,2
359,1,9
144,1,1
873,1,3
965,1,10
287,1,8
136,1,4
74,0,1
166,0,1
545,1,1
372,0,4
608,0,9
781,1,2
1311,0,9
310,0,1
785,0,8
256,1,5
328,0,5
1324,1,7
1038,1,2
500,1,10
847,1,9
1051,1,4
577,0,6
235,1,8
931,1,1
624,1,7
305,1,6
1467,1,10
646,1,8
748,0,8
61,1,3
743,1,10
870,1,9
1302,1,6
1468,0,6
1193,1,9
1451,1,2
389,1,1
301,0,5
849,1,7
109,1,7
832,1,9
580,0,2
966,1,1
844,0,6
872,1,9
1445,1,4
318,1,4
287,0,2
840,1,5
96,1,1
740,1,2
446,1,5
7,1,8
540,1,2
800,0,4
567,1,9
610,1,8
361,1,4
12,1,2
547,0,5
611,0,8
900,1,2
1344,1,4
1078,1,10
572,0,8
556,1,4
394,1,1
61,1,5
304,1,6
837,1,7
13,0,5
798,1,5
142,1,7
1256,1,9
966,0,7
305,1,2
468,0,1
543,1,2
1271,1,9
46,1,5
164,0,3
211,1,9
42,1,3
953,1,4
1015,1,7
517,1,4
30,1,9
837,1,10
88,1,5
174,1,4
609,1,8
964,0,5
4,1,10
735,0,8
951,1,5
1152,0,1
900,1,7
1336,0,2
30,1,7
1211,0,2
876,1,5
1005,1,10
1422,1,8
1032,1,1
258,1,7
453,1,8
349,1,2
426,1,5
1499,1,1
227,1,1
969,1,4
192,0,3
498,0,3
197,1,1
5,1,4
535,1,6
1422,1,7
398,1,4
467,1,4
857,1,9
312,1,3
682,0,2
151,1,5
1368,0,1
1292,1,3
843,0,6
632,1,3
731,1,9
1021,0,8
717,1,10
786,0,8
1420,1,5
479,1,5
481,0,2
945,1,3
827,1,5
1007,1,2
643,1,2
52,1,2
880,1,2
1444,1,1
319,0,1
827,0,2
151,1,3
250,1,4
871,1,7
342,1,6
608,1,10
260,1,8
820,1,6
587,1,6
1176,0,10
384,0,2
916,0,7
259,1,9
891,0,9
1441,1,5
282,0,5
1195,1,4
946,1,9
478,0,3
256,1,1
1139,1,10
328,1,7
188,1,6
1040,0,2
546,1,8
708,1,7
1248,1,4
757,0,4
251,1,3
11,1,9
1174,1,8
835,1,5
607,1,1
504,1,10
673,1,9
99,0,2
679,1,9
1265,0,1
37,0,10
1008,1,8
988,0,8
1210,1,3
1188,0,10
650,1,2
58,0,8
199,1,9
111,1,10
289,1,6
365,1,9
269,1,10
548,0,4
502,1,8
586,1,2
1297,1,9
617,0,4
1305,1,1
1016,1,1
691,1,10
938,1,9
443,1,2
379,1,1
1406,0,1
1194,1,5
1451,1,1
275,1,5
654,1,7
1116,1,3
1116,1,8
174,1,3
287,1,6
1183,1,1
812,1,5
73,0,6
1171,1,4
11,1,9
1000,0,5
1288,0,7
508,0,3
544,1,7
53,0,1
666,1,5
686,0,10
220,0,2
338,1,5
221,1,1
925,0,1
659,1,9
811,1,8
1220,1,1
859,1,3
31,0,8
238,1,4
795,0,9
539,0,4
863,1,6
1361,0,6
746,1,2
396,1,3
578,1,7
1053,1,9
974,1,4
418,0,9
217,1,1
1331,1,5
127,1,5
1246,0,2
722,0,2
699,1,10
1365,1,4
643,0,6
987,1,10
284,1,7
845,1,10
757,1,7
361,1,6
550,1,5
236,1,8
1473,0,6
1066,1,9
946,1,8
315,1,5
770,1,10
1304,1,2
238,1,6
718,1,7
798,1,10
481,1,3
590,0,9
57,1,6
72,0,5
663,1,5
814,1,8
155,0,2
467,0,9
961,1,5
546,1,6
1295,1,5
203,1,2
206,1,4
722,1,4
1462,1,6
785,1,6
310,1,2
574,0,5
1284,1,4
265,0,7
729,1,3
1367,1,4
89,0,4
220,0,7
357,1,3
139,1,5
1059,1,10
566,1,6
745,1,8
939,0,5
89,1,4
883,1,5
671,1,8
1122,1,7
1421,0,8
519,1,5
427,1,10
153,1,2
956,1,3
1000,0,7
168,0,3
855,0,10
930,1,4
448,1,7
1103,1,5
858,1,5
981,1,1
56,1,10
1433,1,5
504,1,1
725,1,3
710,1,4
848,1,7
482,1,3
932,1,2
448,0,8
475,0,2
207,0,9
953,1,6
675,1,6
119,1,5
464,1,8
312,1,6
573,1,2
11,1,6
1210,1,1
739,1,9
266,0,10
670,1,2
149,1,2
911,0,5
326,1,6
1064,1,1
802,0,7
1260,1,9
592,0,2
416,1,6
62,1,3
651,1,2
1272,1,9
802,1,10
1361,1,4
803,1,8
421,0,7
510,0,3
335,1,4
506,1,1
27,0,3
932,1,2
385,1,6
791,0,1
305,0,8
431,1,7
482,0,9
469,1,4
274,0,5
1068,1,9
256,1,5
728,1,7
743,1,2
871,0,4
696,1,9
560,1,2
465,1,3
1077,1,2
1487,0,1
97,1,5
353,1,8
755,1,3
377,1,10
1182,1,3
871,1,4
933,0,4
1472,1,5
637,0,10
488,1,7
214,0,7
936,0,1
838,1,4
560,1,8
118,1,7
361,0,10
1246,0,6
902,1,8
47,0,4
1433,0,6
787,0,8
652,1,4
86,0,10
597,1,5
434,1,3
645,0,3
923,1,5
1322,1,1
566,1,10
442,0,9
1440,1,1
773,0,7
1018,0,2
163,0,3
1201,1,5
787,0,7
1282,1,5
787,1,8
532,1,8
1256,1,7
15,1,5
860,1,5
1460,0,8
561,1,6
1092,1,5
174,1,10
1203,1,5
1222,1,1
1285,0,1
1389,0,7
269,1,3
513,0,5
879,1,10
837,1,10
218,1,1
851,1,8
682,1,2
419,1,1
1221,1,6
36,1,10
1388,1,6
311,0,9
898,0,4
594,0,2
733,1,5
987,1,7
488,0,1
744,1,1
245,1,9
1338,1,9
536,1,8
990,0,9
156,0,2
1072,1,8
826,0,8
1394,1,6
171,1,2
537,1,6
240,1,10
691,1,10
439,0,1
373,1,5
747,1,8
374,1,4
1238,1,10
828,0,6
715,0,1
184,1,6
876,1,7
800,1,9
240,0,8
1129,0,6
104,1,5
938,0,7
977,0,1
347,1,3
599,1,2
52,0,7
647,0,9
138,1,5
1083,1,10
1276,1,10
1158,0,8
378,1,2
429,0,2
1374,0,4
179,0,7
246,0,8
821,1,9
99,0,9
1169,0,1
1467,1,8
749,1,3
239,1,6
1340,1,6
70,0,1
1051,1,6
1340,0,5
1369,1,1
799,1,3
368,1,6
1427,1,10
175,1,4
7,0,7
197,0,4
471,0,6
134,1,10
485,1,2
765,1,10
776,1,3
16,1,1
851,1,2
1158,0,10
411,0,7
674,1,10
1352,1,5
202,1,2
3,1,8
67,0,9
280,1,4
473,1,4
1122,1,5
1139,1,7
1042,1,10
904,1,2
157,1,3
1013,1,7
1322,1,2
986,0,9
1152,1,3
638,0,9
792,0,3
618,1,8
264,1,8
649,1,4
125,1,9
377,0,5
904,0,10
372,0,8
49,0,9
1066,1,1
423,0,2
577,0,2
787,1,8
1203,0,8
1373,1,6
197,1,5
27,1,2
491,1,7
1176,1,8
137,1,5
674,0,7
869,0,9
1088,0,10
1391,0,5
14,1,6
47,1,10
361,1,3
1407,0,5
948,1,9
226,0,3
214,1,3
769,0,8
1445,0,7
113,1,8
295,1,5
505,1,10
1224,1,4
94,1,7
445,0,8
1455,0,9
93,1,10
792,1,7
354,1,10
724,1,6
1422,1,2
252,1,1
1199,1,1
560,1,2
513,0,3
525,1,4
881,1,8
537,1,7
357,1,3
288,0,2
643,1,1
617,0,1
1152,0,6
831,1,4
327,0,8
849,1,5
700,1,4
482,0,7
288,1,8
1029,1,5
496,0,10
198,1,10
936,0,2
475,1,10
61,0,7
328,1,10
505,1,10
797,1,9
664,1,9
24,1,2
710,0,9
714,1,7
6,1,7
825,0,9
95,1,10
862,1,10
593,1,1
1429,1,2
424,0,2
21,1,2
788,0,2
254,1,10
759,1,5
868,1,7
864,1,5
404,1,4
530,1,8
1303,0,5
173,1,7
533,1,6
39,0,5
374,1,2
671,0,5
236,0,9
817,1,2
573,1,10
64,1,3
239,1,6
1069,0,9
300,1,4
930,1,6
241,1,4
1091,1,3
628,1,1
265,0,5
190,1,5
205,1,6
957,1,1
67,0,7
1010,1,7
169,1,6
410,1,9
446,1,10
663,0,5
664,1,2
317,1,3
654,1,8
858,1,9
808,1,2
718,1,1
443,1,6
862,1,9
433,1,9
695,1,4
633,1,10
1345,1,4
792,1,4
7,1,9
69,0,5
1140,1,6
942,0,4
371,1,6
520,0,2
993,1,5
51,1,4
137,1,8
1423,1,4
350,1,4
260,1,1
161,1,6
1296,1,2
892,1,3
354,1,1
798,0,3
1009,1,10
419,1,10
804,1,9
503,1,1
407,1,10
459,0,9
522,1,7
543,1,3
971,1,9
826,0,6
223,1,5
870,0,6
67,1,5
1223,1,9
1347,1,5
288,1,9
153,1,8
89,0,4
771,1,7
839,1,10
248,0,1
202,0,6
246,1,5
831,1,10
287,0,8
663,1,1
1451,1,3
49,0,9
108,1,2
843,1,7
861,1,5
715,1,5
834,1,1
854,0,3
906,1,5
109,0,5
667,0,8
1270,1,3
613,1,9
308,1,3
375,1,5
895,1,3
1188,1,7
809,0,9
1012,1,8
523,0,1
854,0,4
427,1,4
903,1,1
156,1,1
1222,0,7
1072,1,6
232,1,6
1139,1,10
833,0,4
628,0,4
229,1,4
432,0,2
1000,1,3
956,0,8
983,1,7
595,1,2
74,0,9
247,0,10
362,1,7
1022,0,9
653,1,2
907,1,1
206,0,2
989,1,6
833,0,4
396,1,9
1411,1,8
478,1,2
724,0,8
447,0,7
1152,1,3
556,1,10
678,0,6
993,0,10
1334,0,4
311,0,4
354,0,8
280,1,8
1196,1,1
773,1,9
389,1,4
51,1,2
713,1,5
124,1,2
1331,1,9
448,1,5
447,1,7
323,0,2
264,1,2
1111,1,2
449,1,2
570,0,6
712,1,5
668,1,10
762,0,1
1338,0,5
1103,1,3
79,1,4
540,1,9
794,1,8
462,1,4
463,1,5
566,1,1
724,1,3
361,1,1
951,1,4
1348,1,7
162,1,6
1215,1,7
891,1,1
987,1,9
991,0,2
463,1,8
36,1,6
869,0,9
947,1,10
1301,1,6
558,1,2
968,1,8
1182,1,10
452,0,1
243,0,9
245,0,3
653,0,3
1132,1,5
1021,1,5
544,0,3
1103,0,7
439,0,5
965,1,3
675,0,5
958,1,2
1056,0,5
519,1,5
1109,0,3
1115,1,10
713,0,9
555,1,8
274,0,4
64,0,9
763,0,5
742,1,5
1403,0,7
969,1,1
1014,1,4
555,1,6
608,0,9
598,1,8
852,0,6
48,1,4
1398,1,7
157,1,5
596,1,7
872,0,7
577,1,7
183,0,7
157,1,10
824,1,10
474,1,5
1081,1,3
192,1,9
42,1,1
566,0,6
432,1,2
1214,1,2
481,1,9
619,0,1
110,1,4
1027,0,2
410,0,9
703,1,6
690,1,9
408,1,10
1075,1,7
1334,1,8
742,1,2
1147,1,1
293,1,4
310,0,2
295,1,4
550,0,1
421,1,3
220,0,6
151,0,2
28,1,10
954,1,2
691,1,4
784,1,7
1413,1,4
319,0,10
905,0,6
830,0,6
1066,0,6
17,0,5
329,1,5
1466,1,4
905,1,1
329,0,1
1351,1,7
636,0,1
1018,1,1
1101,0,2
695,1,3
1262,1,10
97,0,8
1237,1,1
824,1,9
1106,0,3
754,0,3
969,1,1
808,0,3
477,1,4
1341,1,3
1246,1,10
455,1,8
699,0,4
47,1,3
458,1,2
663,0,1
1432,0,3
103,1,7
914,1,5
566,1,4
401,0,4
403,1,1
359,1,5
625,1,9
79,1,9
612,1,4
708,1,10
1302,1,4
924,1,9
288,1,7
131,1,4
1074,1,4
613,1,1
939,1,3
607,0,7
297,1,6
1191,0,5
929,1,4
353,0,4
1463,1,3
294,1,1
623,1,5
3,0,7
1499,1,10
784,0,1
195,1,2
986,1,8
196,1,7
80,0,6
420,1,9
821,0,9
675,1,9
669,1,7
1288,1,10
906,1,4
1377,1,7
969,1,9
1465,1,7
677,1,5
49,0,9
612,0,3
132,0,1
546,1,2
754,1,4
40,0,9
819,1,2
371,1,1
1367,1,5
242,0,1
246,1,6
1442,1,8
1383,1,1
316,0,5
617,1,8
246,0,8
754,1,6
585,1,4
800,0,5
232,1,3
930,0,4
1381,0,5
1417,1,8
567,1,5
888,1,1
306,1,3
191,1,4
279,1,2
1421,0,8
593,1,8
1003,1,9
210,1,10
297,0,1
629,1,2
67,1,6
1059,0,2
901,1,3
599,1,2
42,0,5
1101,1,8
322,1,4
683,0,2
957,1,2
571,1,6
1163,1,5
1349,1,3
355,1,4
727,1,10
1065,0,5
566,1,5
783,1,5
721,1,10
287,1,2
438,1,3
404,0,4
107,0,7
1064,1,9
1059,1,2
937,0,6
678,1,4
331,1,1
662,1,5
595,1,2
879,1,3
706,1,4
547,0,2
642,1,8
753,1,1
951,1,7
1213,1,7
1237,0,2
305,1,7
467,1,9
714,1,9
374,1,10
732,1,4
58,1,4
784,1,9
510,1,1
572,1,7
1159,1,4
588,0,1
111,0,6
396,1,2
103,0,2
1119,0,2
868,1,3
212,1,10
632,0,4
911,0,9
1280,1,8
794,1,1
783,1,10
1107,0,6
138,1,6
17,0,7
95,1,10
858,1,1
1352,0,3
1240,1,6
1186,1,3
935,1,5
242,0,8
443,1,5
1285,0,8
502,1,4
801,1,1
1146,0,10
70,1,3
464,1,8
95,0,5
964,0,1
1362,0,4
384,1,1
337,0,9
14,0,9
299,1,1
19,1,10
955,0,1
480,1,1
109,0,8
850,1,8
1032,1,5
526,1,2
1122,0,5
1158,1,3
36,0,3
554,1,4
786,1,5
153,1,6
655,1,1
43,1,7
928,0,4
932,1,7
1069,1,10
239,0,6
963,1,6
696,1,1
470,1,7
48,1,9
925,1,3
974,1,3
648,1,3
1418,1,1
141,1,8
803,1,3
859,1,2
780,1,3
540,1,1
424,1,3
247,0,7
1401,1,6
866,1,6
223,1,9
79,1,10
1492,1,4
942,0,3
874,1,4
720,1,6
1312,1,6
153,1,1
573,1,6
622,1,3
361,1,2
1055,1,5
1038,1,7
52,1,8
1161,1,4
244,1,10
1061,1,2
3,1,1
80,1,1
571,1,1
344,0,6
1240,1,8
168,0,6
208,1,7
785,1,3
1141,0,2
961,0,4
1443,1,6
129,0,10
892,0,3
542,1,2
862,1,6
1165,1,5
184,1,8
460,1,6
79,1,6
153,1,4
1011,0,1
704,0,6
548,1,2
1082,1,4
800,1,6
602,0,4
429,0,9
378,0,2
163,1,7
72,0,2
546,1,4
865,1,5
450,1,3
678,1,4
3,1,7
399,1,7
455,1,9
220,1,2
378,1,9
907,1,6
384,1,10
1442,1,9
4,0,9
640,1,5
47,0,3
262,1,8
1347,1,4
1247,1,5
617,1,5
898,1,10
331,1,7
941,0,6
671,0,9
599,1,4
325,1,9
410,0,4
130,1,4
45,0,7
262,1,9
761,0,8
614,0,8
195,1,8
1178,0,9
1290,1,9
323,1,1
4,1,4
500,0,4
285,1,9
86,1,8
498,1,6
1306,0,9
88,1,1
1184,0,5
787,1,9
547,1,4
664,0,8
1052,1,4
289,1,4
793,1,2
29,0,10
588,1,9
1010,1,6
375,1,9
832,1,8
282,1,9
1064,1,1
100,1,7
649,1,6
343,0,1
1173,1,4
1121,1,3
260,1,5
496,1,10
1478,1,4
974,1,2
675,1,2
338,1,4
841,1,9
695,0,4
103,1,7
1346,1,8
341,1,8
145,0,4
795,1,9
345,1,1
639,0,10
99,1,2
626,0,9
974,1,2
714,1,6
23,1,10
908,1,6
1076,1,9
750,0,2
237,1,1
940,1,1
241,1,1
554,1,2
49,0,4
435,1,5
621,1,3
1208,1,9
719,1,4
927,1,7
216,1,5
638,0,10
1253,1,8
95,1,8
1311,1,2
476,1,1
233,0,8
691,1,9
24,1,1
168,0,7
1443,1,10
597,1,2
864,1,1
1156,1,8
881,1,9
731,0,8
789,1,9
946,1,4
201,0,2
243,1,4
487,1,8
1016,1,6
90,1,10
923,1,8
287,1,3
1172,1,4
115,1,8
152,0,9
28,0,9
107,1,7
767,0,1
362,1,5
595,0,10
926,1,1
811,1,3
1186,1,4
178,1,4
513,0,7
612,1,4
382,1,5
645,1,3
825,1,5
826,0,4
502,0,8
272,1,3
300,1,6
962,1,4
232,1,9
417,1,10
1176,1,3
682,1,5
180,1,3
147,0,3
782,0,6
689,0,4
1101,1,4
327,0,2
8,1,6
9,1,5
654,0,5
698,0,6
366,1,8
967,1,4
1149,0,2
255,0,3
528,1,10
180,1,4
435,0,4
816,1,5
185,0,10
500,0,10
682,1,6
420,0,6
76,0,7
342,0,5
826,1,6
449,0,9
990,0,2
1405,1,10
648,1,1
50,1,2
786,1,2
221,0,7
243,1,8
664,0,4
177,1,6
1319,1,5
700,0,2
161,1,1
950,0,2
1165,1,6
994,1,5
768,1,2
504,1,1
674,1,3
1443,1,7
401,1,10
289,1,4
908,1,9
825,1,1
252,0,5
868,0,9
612,0,7
1156,1,6
924,1,2
162,0,9
263,1,1
1001,1,2
1298,0,1
383,1,1
960,1,10
347,1,7
1022,1,1
1123,1,9
402,0,3
1055,1,1
119,1,5
711,1,8
606,1,9
820,1,6
1281,0,5
773,1,2
1073,0,3
32,1,6
579,0,2
485,1,9
730,1,7
1171,1,2
1496,0,2
102,0,5
82,1,3
979,1,3
757,0,7
346,1,6
1109,0,7
1491,0,9
514,1,8
754,1,5
569,0,6
1158,0,8
1452,1,5
180,1,6
463,1,5
962,0,6
347,0,10
307,1,6
1318,1,1
190,0,4
1045,1,9
575,0,1
736,0,9
1457,1,4
462,1,5
1417,1,6
670,1,5
117,1,3
267,1,5
208,1,9
814,1,10
490,1,8
1082,1,3
1181,1,10
125,1,4
1303,1,3
188,1,7
545,1,10
312,1,5
1130,1,9
1389,0,6
135,1,6
414,1,10
329,0,3
1253,1,2
1184,1,10
935,1,9
1333,1,7
133,1,2
443,0,4
293,1,1
1042,0,1
138,1,7
1134,1,4
409,1,4
997,1,4
1489,1,6
783,1,9
1057,1,9
987,1,7
746,1,9
1209,1,10
1432,1,6
883,1,5
49,1,9
65,0,10
803,1,7
517,1,2
807,0,5
770,1,5
469,1,9
216,1,3
391,1,3
313,1,4
458,0,7
83,1,5
530,1,10
885,1,2
760,0,4
458,1,10
728,0,5
384,1,5
1281,1,4
121,1,3
945,1,7
594,1,4
841,1,5
646,0,9
163,1,3
341,1,1
590,1,10
1428,0,10
1144,0,8
41,1,10
735,1,10
90,1,10
1042,0,10
1475,1,3
1242,1,10
1360,1,6
732,1,6
513,0,6
374,1,6
416,0,10
1087,0,8
830,0,4
1435,1,2
514,1,5
551,0,5
207,1,8
30,1,9
912,0,10
369,1,1
71,0,4
1457,1,4
416,0,3
463,1,10
383,1,9
1047,1,6
382,1,8
738,1,4
916,1,1
498,0,1
610,1,9
744,1,8
637,1,9
1336,0,1
24,1,9
378,1,1
406,0,8
251,1,6
779,1,9
384,0,10
319,1,4
314,1,6
1022,1,3
905,0,5
163,0,10
126,0,9
1399,1,7
1072,0,6
204,1,2
564,1,6
262,1,9
377,1,4
410,1,9
175,1,2
436,1,6
195,1,1
101,0,3
265,1,1
791,1,2
483,1,8
181,1,7
614,0,8
321,0,10
800,1,10
303,0,4
521,0,10
890,1,3
920,1,10
373,1,8
176,0,10
897,1,2
1334,1,8
728,1,6
665,1,3
1476,1,5
1199,1,8
115,0,2
207,0,6
914,0,4
611,1,6
221,0,10
1111,1,5
723,1,8
432,1,4
515,1,6
472,1,3
473,0,6
989,0,2
951,0,7
261,0,7
1489,1,10
809,1,3
28,1,1
1003,0,2
271,1,8
1424,1,10
483,1,7
986,1,9
668,1,8
100,1,8
903,1,1
182,1,5
864,1,7
491,1,9
800,1,9
670,1,3
1131,1,4
703,1,8
878,0,7
202,0,2
48,1,1
438,1,10
1023,1,9
22,0,1
913,1,4
65,0,10
1356,1,7
158,1,8
540,0,10
384,1,4
594,0,8
1308,1,7
980,1,2
22,1,9
160,0,8
910,1,5
630,1,7
790,1,6
118,1,10
130,1,9
1411,1,10
1183,1,9
533,1,10
211,1,4
455,1,2
1074,1,1
664,1,7
1475,1,6
668,1,10
53,0,8
999,1,7
835,1,7
605,1,2
448,1,6
702,0,1
682,1,7
599,1,9
316,1,1
643,1,10
155,1,10
332,1,8
911,1,8
315,1,1
559,1,3
1408,1,3
736,0,1
788,1,8
523,1,7
744,0,6
486,0,5
578,0,2
108,1,7
436,0,3
794,1,2
893,0,4
720,1,7
1028,1,4
389,1,5
1092,1,7
585,1,10
350,1,6
44,1,8
695,1,10
480,1,7
995,1,9
385,1,4
88,1,10
862,0,3
1364,0,3
572,1,8
212,1,1
584,0,7
723,1,5
1264,1,7
178,1,4
644,1,2
482,0,5
153,1,8
1463,0,10
764,1,2
54,1,5
708,1,10
595,1,1
899,1,1
373,0,6
225,1,6
390,1,9
1153,1,6
977,1,10
967,1,1
451,1,3
214,1,10
305,1,2
892,0,7
210,0,1
563,1,2
310,1,1
945,1,1
909,1,1
729,0,2
901,1,2
175,1,8
612,0,9
19,0,3
730,1,2
208,1,2
902,1,9
849,1,5
273,0,6
1083,0,5
322,1,6
764,0,6
1453,0,6
1006,1,1
1419,1,9
608,1,5
972,1,10
1088,0,10
263,1,3
508,1,10
305,1,4
588,1,8
36,1,6
779,0,2
86,0,9
844,0,3
210,0,4
139,1,10
488,1,8
1497,1,7
278,1,3
194,0,6
5,1,8
838,1,2
886,1,5
843,1,10
578,0,4
91,1,4
385,0,9
116,1,6
44,1,6
1367,1,5
351,1,6
1236,1,4
505,1,3
152,1,2
412,1,1
280,1,2
480,1,3
356,1,1
488,1,1
71,1,3
976,0,1
477,0,6
820,1,5
75,1,8
335,1,4
238,0,3
265,0,3
789,1,6
1208,1,5
288,0,1
696,0,7
894,1,4
80,0,3
1465,0,4
272,1,9
751,0,10
478,1,4
780,1,7
511,1,4
402,1,4
1194,0,10
24,1,4
768,0,6
250,1,9
384,1,2
999,1,7
1495,1,8
919,1,3
611,0,1
288,1,9
569,0,5
818,1,3
113,1,1
927,0,3
422,1,6
735,0,8
400,1,2
192,1,2
44,1,5
467,1,9
381,0,5
868,0,5
393,1,9
65,0,4
1363,0,6
596,1,5
712,1,1
633,0,4
1393,0,7
390,1,2
14,0,6
1187,1,8
104,0,4
71,1,8
804,0,10
1004,0,8
792,0,1
329,0,1
834,0,3
188,1,6
273,1,3
451,0,6
361,1,6
824,1,8
31,1,7
329,1,3
619,1,5
485,1,8
99,1,5
731,0,2
1131,1,4
157,1,1
3,0,2
835,1,5
512,1,4
302,0,3
524,0,4
1047,1,10
389,1,10
552,1,4
821,1,7
1228,1,5
977,1,5
687,0,1
1266,1,10
814,0,10
495,1,4
326,1,10
687,1,1
62,1,1
90,1,3
655,1,4
298,1,9
652,1,8
237,1,6
983,1,1
970,0,8
138,0,4
194,1,9
1361,0,2
377,1,4
307,0,2
809,1,1
1429,0,4
270,0,4
880,1,8
703,1,2
899,1,6
229,0,10
524,0,1
649,1,4
76,0,7
6,1,8
970,1,9
1107,1,4
28,1,10
592,1,1
826,1,6
1088,1,5
1366,1,6
473,1,4
560,1,3
614,1,3
578,0,5
7,1,2
1182,1,8
448,0,7
403,1,2
582,1,8
962,1,7
678,0,3
612,1,2
980,1,10
68,1,3
247,0,6
779,1,5
1411,1,1
160,1,5
333,1,3
834,1,4
521,1,10
149,1,5
1246,1,5
778,1,10
424,0,8
436,1,5
564,1,6
385,1,4
1236,1,4
925,1,6
415,1,1
884,0,5
1457,1,1
1,1,8
1240,1,4
132,1,1
16,1,4
1495,0,9
550,1,2
1229,1,1
175,0,10
494,1,2
352,1,3
506,1,4
1205,1,1
61,1,4
696,0,9
1028,1,2
1366,1,3
276,1,6
802,1,3
184,0,4
259,0,10
1301,1,7
535,0,9
1170,1,4
1426,0,1
948,1,9
1167,1,1
543,1,6
453,1,6
881,0,1
372,1,7
703,0,4
522,1,4
195,0,1
1151,0,6
578,1,6
1071,0,10
561,1,5
1135,0,8
603,0,1
168,1,6
960,1,10
983,0,2
614,0,9
202,1,8
707,0,4
61,1,2
548,1,5
1393,1,9
435,1,3
790,0,10
1233,0,1
102,0,10
320,1,9
863,1,7
1031,0,10
983,1,3
436,1,2
647,1,5
697,0,6
344,0,5
860,1,3
1417,1,8
1394,0,5
173,1,3
324,1,3
791,1,8
470,1,6
1232,1,4
663,0,2
302,1,5
73,0,7
1105,1,7
386,1,4
4,0,6
380,1,5
829,0,9
846,1,8
1252,0,4
833,1,9
1103,0,9
1078,1,5
130,0,4
800,1,2
297,1,9
968,1,8
537,0,7
1036,1,9
178,1,6
1168,1,1
486,0,6
166,1,1
701,1,1
1223,0,3
766,1,4
1102,1,9
984,1,2
361,0,1
181,0,3
686,1,9
1431,1,8
736,1,2
120,1,6
1119,1,9
36,1,9
458,1,5
953,1,5
801,1,8
825,1,6
610,1,6
42,1,6
130,0,6
56,1,3
1197,1,8
82,1,7
293,1,6
1334,1,5
1358,0,2
1356,0,5
1123,1,1
1178,0,10
800,0,9
582,1,2
476,0,8
620,1,6
276,0,9
779,1,3
309,0,2
1196,1,2
662,0,6
984,0,6
663,1,4
965,1,9
461,1,7
903,1,6
669,0,10
356,0,3
501,1,3
706,1,6
420,0,4
1407,1,8
901,0,3
770,1,2
92,1,1
13,1,6
881,1,2
268,0,4
34,1,9
770,0,3
453,1,6
580,0,4
1307,0,9
736,1,8
249,0,2
457,1,5
893,1,1
1028,0,1
986,1,9
1291,1,7
1020,0,6
677,1,4
929,1,3
733,0,8
749,1,10
468,1,4
965,1,6
242,1,9
204,1,8
1207,0,10
1398,1,1
948,1,6
520,1,6
1278,1,4
334,1,5
637,1,10
957,1,8
751,0,5
338,1,9
1069,1,5
550,1,10
1141,1,7
827,1,5
745,1,6
591,1,5
913,1,4
673,1,9
381,0,1
1038,1,2
85,0,10
261,1,4
738,1,6
858,0,8
270,1,7
1013,1,2
1253,1,8
465,1,9
636,1,2
615,0,9
446,1,6
562,1,9
130,1,2
1463,0,3
390,0,1
24,0,10
377,1,2
654,0,2
238,1,8
196,1,5
1134,0,9
290,1,6
14,1,6
626,1,5
506,1,10
172,0,4
1397,1,3
464,1,9
389,0,7
607,1,5
550,1,5
215,0,8
723,0,6
1051,1,6
326,1,10
241,1,6
822,1,6
177,1,5
186,1,7
1471,0,6
477,1,3
413,0,8
595,1,3
625,1,3
1309,1,2
541,1,3
134,0,3
794,1,3
693,1,5
558,1,2
667,1,4
733,0,6
787,1,7
758,1,3
702,0,8
445,0,6
700,1,1
893,1,1
1236,1,3
514,1,8
553,1,2
847,0,8
1465,0,4
759,1,9
590,1,6
1452,1,9
1369,1,3
124,1,5
693,1,9
216,1,2
350,0,9
172,0,1
780,1,4
774,1,4
961,1,8
296,1,1
947,1,9
781,0,7
1441,1,5
989,1,9
469,1,10
170,1,6
469,1,5
409,1,7
131,0,3
449,0,10
902,1,5
749,1,10
180,1,2
551,0,9
45,1,4
1330,0,4
659,1,5
269,1,9
633,0,7
89,0,2
1465,0,1
1437,1,3
126,1,9
523,1,10
1176,0,6
590,1,8
464,1,6
1031,0,2
741,1,2
50,0,10
917,0,1
1324,0,8
66,0,3
820,0,3
447,1,3
1093,1,6
302,1,8
461,1,9
1224,1,4
655,1,9
330,1,4
178,1,7
441,1,8
571,1,6
60,1,8
885,0,7
169,1,8
92,1,5
684,1,6
226,0,2
1208,1,8
758,1,10
895,1,7
1295,1,7
416,1,3
436,1,2
437,1,8
945,0,10
933,1,7
486,1,10
409,1,10
1237,1,8
490,1,4
656,1,8
374,1,8
150,0,7
564,1,4
346,1,10
847,1,4
154,1,8
442,1,3
850,1,5
836,1,2
1341,1,2
510,0,8
1372,1,7
755,1,5
317,1,2
1436,1,8
607,1,8
526,1,8
895,1,2
916,1,9
532,1,9
61,1,6
1420,1,5
425,0,4
414,1,2
422,1,1
625,1,10
673,0,3
20,1,10
1285,1,2
693,1,6
947,1,8
127,1,7
972,1,2
585,1,9
371,1,8
180,1,5
729,1,6
770,0,7
463,1,1
932,1,4
861,0,1
948,0,1
432,1,9
229,1,7
503,1,7
238,0,2
42,0,1
161,1,2
196,1,6
450,0,10
841,1,9
764,1,5
317,1,2
982,1,3
181,1,4
733,1,7
589,1,7
65,1,4
899,1,1
591,0,9
464,1,6
1214,1,2
115,1,6
124,0,6
576,1,2
1150,0,3
129,1,7
614,1,2
124,1,8
413,1,9
385,1,8
494,0,4
907,1,8
752,0,6
853,1,7
475,1,8
677,1,10
833,1,8
734,1,6
293,1,1
709,1,6
914,1,8
619,0,3
759,0,1
112,1,8
1300,1,10
378,1,4
544,1,7
1451,1,3
22,0,10
32,1,1
292,1,3
420,0,3
656,1,1
357,1,1
359,0,3
261,1,9
160,0,1
853,0,2
210,0,8
3,1,9
826,1,4
852,1,4
329,0,4
554,1,5
1400,1,10
401,1,8
1372,1,3
905,1,5
133,1,4
935,1,4
1151,1,6
265,0,9
938,0,5
216,1,4
1214,1,5
328,1,8
612,1,3
1374,1,10
943,1,2
465,1,5
281,1,6
498,0,9
154,1,10
806,1,3
114,0,3
513,0,4
797,0,9
745,1,8
782,1,10
325,0,3
153,1,9
766,1,5
99,1,9
893,0,7
1035,1,8
531,1,9
624,1,8
124,0,7
773,0,1
1493,0,7
566,1,3
644,0,2
169,1,5
185,1,6
268,1,9
1071,1,10
416,1,2
909,0,2
650,1,2
867,1,3
408,1,10
676,1,4
473,1,4
906,1,8
63,0,5
739,1,9
1136,1,5
248,1,3
177,0,3
733,1,6
680,1,7
955,0,10
768,1,9
129,1,3
174,0,9
185,1,7
814,1,3
664,0,3
379,1,7
1335,1,6
327,0,7
213,1,1
167,1,4
107,1,6
170,1,8
1004,0,8
985,1,9
110,0,5
435,1,1
446,1,2
944,0,7
255,1,7
1157,1,2
61,1,3
66,1,3
567,1,3
896,0,5
1198,1,7
1304,0,2
692,0,4
210,0,3
377,0,5
217,1,1
1478,1,6
48,0,5
416,1,5
540,1,1
408,1,7
754,1,1
69,1,10
492,0,10
953,1,6
836,0,4
27,1,9
935,1,10
724,0,6
1352,1,7
91,1,3
851,1,6
1490,0,6
924,1,3
273,0,3
1245,1,7
282,1,3
875,1,10
311,1,3
1481,1,4
258,1,7
769,0,3
1012,1,4
280,1,1
1483,0,1
353,1,7
1020,1,10
663,1,1
191,1,4
26,0,3
534,0,3
88,1,2
452,1,1
77,1,10
263,1,3
944,1,9
650,0,9
564,1,10
727,1,1
187,0,8
529,0,4
510,0,10
1055,0,1
229,0,4
359,1,9
630,1,3
628,1,1
542,1,7
914,1,6
290,0,5
795,1,1
771,0,2
378,1,3
470,0,3
427,1,7
974,1,4
1124,1,7
1478,1,10
1490,1,2
391,1,6
760,0,8
421,1,7
134,1,5
28,0,8
791,1,10
869,1,1
406,1,2
343,1,5
633,0,5
624,1,8
1027,0,3
1010,1,5
266,0,9
632,0,8
1265,1,4
633,1,8
274,1,6
717,1,1
402,1,10
726,0,2
972,1,6
1268,1,2
299,1,5
91,0,3
128,0,5
195,0,7
400,1,1
691,0,1
446,1,5
1331,1,1
178,1,6
319,0,6
934,1,5
1206,0,4
309,0,2
931,1,10
606,1,5
842,0,10
987,0,6
1327,1,8
1132,1,2
3,1,5
658,1,3
179,1,10
1354,0,6
225,1,10
335,1,2
179,1,6
363,0,3
489,1,2
446,0,10
9,0,5
383,1,6
633,0,3
626,0,10
153,0,2
776,1,8
243,1,6
909,0,3
873,1,7
418,1,9
433,1,5
534,1,9
703,1,7
441,0,3
82,1,5
1233,1,3
112,0,2
741,1,6
913,1,8
618,1,8
460,0,2
677,1,1
713,1,9
267,1,5
780,0,1
438,0,3
58,1,7
984,0,2
866,1,8
322,0,6
761,1,8
170,1,7
904,1,6
1196,1,8
219,0,7
1040,0,10
152,1,1
709,1,1
317,0,2
1181,1,5
1331,1,2
952,0,5
914,1,6
415,1,7
161,1,2
593,0,6
528,1,7
1118,1,7
694,1,6
388,1,9
505,1,1
384,0,6
37,0,6
619,0,8
1117,1,2
252,1,9
110,1,4
1439,1,6
137,0,9
360,1,10
83,1,1
1494,0,2
844,1,1
98,1,10
547,1,5
215,1,8
777,0,10
671,0,4
227,1,8
880,1,4
699,1,4
19,1,7
1395,0,4
1294,1,4
464,0,4
104,1,4
407,0,8
990,1,5
572,1,2
35,0,9
455,1,9
798,0,5
368,0,5
432,1,1
1126,1,9
195,1,10
182,1,1
927,1,10
407,1,6
1359,1,1
694,0,10
515,1,4
767,0,3
388,0,5
489,1,8
481,1,10
325,1,5
512,1,6
1119,1,9
1465,1,1
775,1,2
473,0,9
1413,1,4
590,1,3
752,1,2
826,0,8
620,0,3
531,1,10
812,1,3
48,1,8
294,0,4
58,0,5
113,1,10
951,0,8
83,1,7
1149,1,1
359,1,2
399,1,3
955,1,9
474,1,10
303,1,10
432,1,5
488,1,5
798,1,8
350,1,5
764,1,6
470,1,2
985,1,7
918,1,4
341,0,5
585,0,4
210,0,3
1321,1,9
16,1,6
1437,0,4
1280,0,7
470,1,9
792,1,4
1046,1,5
726,0,1
1347,1,8
121,0,7
1232,0,5
31,1,5
163,0,6
632,1,10
754,0,8
52,1,5
328,1,10
188,1,5
453,1,9
362,1,9
1014,1,3
38,1,8
665,0,5
657,1,3
399,1,4
146,0,4
757,1,10
127,1,5
321,1,7
1088,0,10
556,1,8
879,1,1
518,1,1
1175,1,8
997,1,4
300,1,6
549,1,5
1019,1,1
685,0,3
704,1,9
1400,0,10
264,1,4
141,0,10
773,1,8
1102,0,6
265,1,7
101,1,3
1193,1,8
506,1,2
852,1,10
106,1,6
495,1,7
447,1,4
1008,0,9
1238,0,1
940,1,3
825,1,9
876,1,7
315,1,5
511,0,5
489,0,3
62,1,7
338,0,3
87,0,2
707,1,10
546,1,4
276,1,10
701,0,9
1257,1,3
854,1,1
1127,1,2
398,1,9
691,0,9
253,1,9
331,0,10
116,1,1
73,1,7
239,1,5
1076,1,7
365,1,6
414,0,1
804,1,2
841,1,9
895,1,2
851,0,3
489,1,8
251,0,9
684,1,2
1492,1,6
552,1,4
1032,1,4
45,0,10
117,0,8
270,1,1
406,0,5
164,1,9
625,1,2
678,1,5
418,1,8
860,1,1
743,0,5
99,0,6
345,0,2
648,1,10
778,1,7
301,1,4
1454,0,4
701,1,6
100,1,7
847,1,10
1294,1,10
590,0,3
254,1,6
956,1,7
559,1,10
1374,0,3
164,1,8
123,1,7
984,0,2
777,1,4
487,0,3
754,1,1
308,1,1
833,0,10
813,1,10
649,0,5
549,1,6
33,1,9
114,1,7
548,1,1
173,1,5
411,1,4
1102,0,9
426,1,3
376,0,6
880,1,2
968,0,5
899,0,5
234,1,8
327,1,7
1151,0,6
170,0,1
1077,1,5
1142,1,4
679,1,10
443,1,7
1158,1,10
988,1,6
991,1,1
1102,1,10
783,1,4
1037,1,7
286,0,1
1048,1,2
921,0,5
278,1,1
943,1,9
59,1,6
1045,1,9
2,0,7
1001,0,5
1078,1,3
762,1,4
1243,0,3
821,0,9
645,1,4
604,1,4
486,0,10
563,1,8
265,0,8
514,0,3
1370,1,2
348,1,5
1492,1,4
760,1,2
1111,1,6
430,1,1
93,1,3
54,0,8
595,1,5
90,1,2
454,0,9
1258,1,7
726,1,2
311,1,2
1137,0,5
472,1,8
737,1,3
943,0,9
460,1,10
255,1,4
748,1,2
702,0,3
1,1,4
1223,1,10
270,0,3
930,0,7
817,0,10
228,0,2
87,1,7
397,0,3
560,1,4
110,1,4
1224,1,1
721,1,4
85,1,3
1325,1,10
12,1,6
408,1,8
1416,1,6
607,0,3
908,1,8
669,1,9
1039,1,2
851,0,7
1149,1,10
261,1,7
276,1,10
1237,1,3
1233,1,6
768,1,5
127,1,8
873,1,5
699,0,7
972,1,6
100,0,2
4,0,9
216,0,2
458,1,8
283,0,3
797,1,8
152,1,9
1119,1,4
516,1,5
26,1,3
480,0,4
120,0,10
541,1,10
1226,1,6
976,0,4
1296,0,10
602,1,10
28,1,3
147,1,4
634,0,3
929,1,6
846,1,6
1440,0,7
824,1,1
721,0,2
694,1,4
980,1,2
988,1,1
1362,1,5
964,0,3
806,0,7
529,0,5
397,0,10
901,1,8
1223,1,9
1278,0,9
982,0,1
357,1,8
710,1,10
124,0,7
333,0,4
84,1,1
678,0,3
755,1,3
932,0,5
447,0,7
462,1,10
618,1,1
174,0,4
691,1,3
1365,1,4
148,1,8
876,1,2
166,1,5
287,1,9
1103,0,2
787,1,8
665,0,1
529,1,7
893,0,9
638,0,8
973,1,8
342,1,10
454,1,1
15,1,4
968,1,7
590,1,4
621,0,5
459,1,5
1027,1,10
216,0,7
983,0,10
703,0,7
1345,0,8
462,1,10
1035,1,4
209,1,5
1465,1,6
4,1,10
463,0,7
614,1,7
78,1,4
177,0,6
504,1,4
1442,1,4
1270,1,7
941,1,1
1420,1,10
142,0,9
570,1,8
523,1,4
261,0,2
542,1,4
946,0,9
106,1,1
29,1,5
1090,0,3
107,1,2
297,1,10
585,1,4
226,1,8
217,0,4
662,1,4
586,0,6
1353,1,2
138,0,10
403,0,8
287,0,10
626,1,2
955,0,10
174,1,5
195,1,1
959,1,2
554,1,1
867,0,10
93,1,7
545,1,6
651,0,9
415,1,7
490,0,8
821,1,8
814,1,9
820,1,1
444,0,4
922,1,7
137,1,5
1273,1,2
695,1,10
115,1,6
386,1,4
875,1,6
753,1,7
402,1,6
732,0,3
543,1,10
149,1,3
783,1,6
897,0,6
172,1,8
607,1,3
178,0,1
1462,0,8
820,1,3
1172,0,2
183,1,10
16,0,7
172,1,2
589,1,3
45,1,9
1313,1,9
940,1,9
215,0,3
673,1,8
829,1,7
477,1,9
1276,1,7
1134,0,7
968,1,6
212,1,5
699,1,7
1164,1,1
782,1,3
481,1,6
166,1,2
517,0,7
88,1,3
1364,1,8
231,1,9
44,1,1
731,0,6
163,0,3
450,1,6
54,1,3
852,0,7
512,0,10
225,1,10
784,1,1
1161,1,9
467,1,6
739,0,3
876,1,6
343,0,10
1265,0,10
395,1,2
1165,1,7
153,1,10
1062,1,4
239,1,1
953,1,8
421,1,9
788,1,1
626,0,7
680,0,10
723,0,8
46,0,2
136,1,4
723,1,7
967,1,10
672,0,7
1332,0,9
139,0,3
893,1,3
188,1,9
1156,0,9
858,1,5
1275,0,2
258,1,2
829,1,5
331,1,2
1425,1,6
302,1,10
186,1,2
347,1,5
494,1,7
1141,1,8
720,1,5
61,1,10
1434,1,7
289,1,2
1347,1,5
310,0,1
16,1,5
226,1,2
818,1,8
1255,0,5
635,1,3
62,1,9
1368,0,8
1336,1,5
484,1,6
456,1,9
784,0,4
321,1,10
624,1,4
630,1,9
423,0,2
1161,1,5
566,1,2
1213,0,1
315,1,7
1108,0,5
388,0,7
317,1,10
635,1,9
1379,0,9
750,1,4
785,1,8
1194,1,7
968,1,3
1111,0,2
494,0,8
22,1,3
322,1,6
953,1,9
487,0,9
526,1,5
381,1,7
30,1,8
617,1,2
802,0,6
798,1,6
5,0,1
556,1,1
1100,1,6
1016,1,1
34,1,5
668,0,5
283,1,7
595,0,10
1131,1,9
268,1,5
114,1,2
429,1,3
1491,1,1
849,1,7
523,0,7
1248,1,7
532,0,4
1467,1,7
682,0,9
1134,1,5
656,1,9
851,1,7
564,1,10
776,1,7
361,1,5
1482,1,5
520,1,8
822,1,5
706,1,7
621,1,5
795,1,3
42,1,9
1173,1,3
1440,0,2
310,1,5
1154,1,6
931,0,1
1240,1,7
233,1,8
1280,1,4
1310,1,8
74,1,4
791,0,2
907,1,2
24,0,8
744,1,3
70,0,3
622,1,3
353,1,1
505,0,2
1319,1,3
923,0,6
562,1,7
972,1,6
691,1,10
1326,1,7
1286,1,5
1391,1,4
73,1,9
430,1,4
88,1,7
1040,1,4
200,1,9
49,1,6
702,0,8
55,1,4
581,1,8
786,1,3
110,0,9
159,1,2
389,1,5
60,1,4
555,1,7
1320,1,1
71,1,9
921,1,3
1112,1,9
309,1,2
481,0,8
665,0,3
133,1,5
744,1,9
727,1,2
436,1,7
919,0,10
926,1,1
486,0,1
325,1,8
1024,0,3
315,0,4
427,1,10
38,1,5
1012,1,7
732,1,9
146,1,2
614,1,10
708,1,9
181,1,3
696,1,3
395,1,7
993,0,6
777,1,1
791,1,5
180,0,10
507,1,6
799,0,3
1346,0,9
718,1,1
4,0,6
436,1,9
179,1,8
1138,1,8
532,1,4
861,0,8
692,1,1
153,1,4
902,1,9
105,0,9
29,1,6
582,1,2
1473,1,2
723,1,2
244,0,1
574,1,7
121,0,1
818,1,3
854,1,6
1238,1,4
6,1,7
415,1,1
874,1,8
641,1,6
299,1,3
438,0,7
256,1,6
463,0,3
1254,0,4
290,1,1
477,1,10
422,1,1
147,1,5
553,1,8
108,1,5
763,1,2
1370,1,9
917,1,9
692,0,8
1298,0,8
657,1,5
1285,0,10
906,1,9
1082,1,7
1082,1,6
41,1,9
270,0,9
751,1,9
287,0,1
436,1,5
955,0,6
1079,1,9
550,1,7
581,1,2
635,1,1
726,1,8
1263,1,8
24,1,6
865,1,2
310,1,4
994,0,10
616,0,2
743,0,4
409,0,5
1005,1,8
643,1,2
175,0,10
201,1,7
633,0,3
1387,1,3
1028,1,9
1402,1,5
54,1,9
699,1,4
1332,1,8
444,0,7
596,1,5
832,1,2
933,1,6
1335,1,6
9,1,6
1076,1,3
555,1,3
880,1,9
348,0,4
59,1,9
856,1,8
587,1,4
1300,0,4
1478,0,5
863,1,10
226,1,7
550,1,9
538,1,1
1114,1,9
886,1,5
944,0,7
944,1,3
300,0,1
395,1,10
87,1,7
1233,1,4
916,1,7
975,1,2
763,1,3
517,1,3
1081,0,8
1014,1,6
1490,1,10
251,0,6
551,1,2
1365,0,3
360,1,6
541,1,9
244,1,7
456,1,10
627,0,8
177,1,9
561,1,10
1308,1,10
824,1,2
869,1,9
872,1,9
516,1,10
126,1,9
963,1,2
1467,1,4
476,1,7
176,0,5
1118,0,9
888,1,5
993,1,3
1262,1,6
661,0,6
582,1,5
1400,0,9
835,1,4
462,1,10
485,1,5
424,1,10
292,1,3
577,0,8
163,1,3
942,1,6
718,0,9
870,1,6
402,1,7
495,1,6
298,1,2
604,1,9
8,1,3
87,1,8
1351,1,3
1020,1,5
584,0,5
1341,1,4
832,0,9
504,1,7
403,0,9
604,1,2
40,1,3
133,1,10
88,1,3
819,1,9
74,0,6
378,1,8
873,1,9
365,0,10
962,1,7
279,1,5
574,1,7
84,1,2
619,0,3
292,1,8
247,1,2
519,0,2
91,0,7
1000,1,10
826,1,9
300,1,1
1478,1,6
123,1,4
187,1,3
668,0,10
623,1,7
266,1,10
417,1,3
937,1,9
574,1,4
590,1,4
202,1,6
924,0,4
573,1,6
338,0,8
830,0,1
870,0,8
335,1,5
849,0,1
355,0,6
259,1,2
276,1,5
715,1,4
759,1,2
239,0,1
371,1,7
89,1,4
390,0,6
1479,0,7
301,1,5
27,1,5
1311,1,3
352,1,3
531,1,10
23,1,4
1342,1,5
280,1,2
895,1,3
459,0,6
712,1,9
835,0,8
775,1,1
867,0,4
215,0,9
625,1,4
1123,1,10
1396,1,3
208,0,1
831,0,6
432,0,8
308,1,6
663,1,8
817,1,3
896,1,3
490,0,1
607,0,8
898,0,6
319,1,3
181,1,10
679,0,9
728,0,4
590,0,10
317,1,5
720,0,9
934,0,2
858,1,7
96,1,2
692,1,7
562,1,4
443,1,6
758,1,5
54,1,3
456,1,6
416,1,1
770,1,1
631,1,1
379,0,2
534,1,5
1229,1,4
674,1,4
1021,1,8
77,1,5
390,0,10
905,1,10
355,1,4
593,1,5
134,1,9
880,0,10
585,1,2
959,1,1
199,0,8
266,0,3
1202,1,8
1049,1,6
1393,1,5
106,1,4
1345,0,10
533,1,3
1088,1,6
689,0,10
1,0,4
733,0,2
1319,1,5
1097,1,5
455,0,9
97,1,6
1282,1,5
1057,1,1
1193,1,9
410,1,3
703,0,6
424,0,2
811,1,5
690,0,5
772,1,3
299,0,4
968,1,10
407,1,6
1188,1,4
662,0,5
1238,0,5
499,1,3
554,0,10
120,0,1
823,1,6
458,0,8
1410,1,1
958,0,2
1164,1,8
1204,0,10
77,1,6
610,0,2
930,0,4
424,1,7
422,1,1
76,1,3
263,0,5
541,0,3
481,1,6
894,0,9
641,0,3
1231,1,4
704,1,10
83,1,4
340,0,1
986,1,1
496,1,10
134,0,4
649,0,4
876,1,1
1154,0,7
94,1,2
102,1,1
1051,1,4
1318,0,10
274,0,4
611,0,4
785,1,1
519,0,8
369,1,1
703,1,7
700,1,1
1354,1,8
1155,1,9
443,1,10
1280,1,9
1401,1,4
961,1,1
252,0,4
1344,0,5
689,0,10
674,1,9
223,1,7
534,1,3
561,1,9
821,1,5
1261,1,3
651,1,3
1372,0,3
890,1,9
639,1,6
556,1,10
1015,1,9
479,0,6
646,1,7
78,0,2
1437,1,3
573,1,9
284,1,4
1152,1,5
527,1,3
320,0,5
885,1,7
652,1,1
854,1,5
1401,1,4
894,0,6
36,1,9
16,1,8
1163,1,9
42,1,5
45,0,6
16,1,5
610,1,1
403,1,3
939,0,10
734,1,10
552,0,8
652,1,5
862,1,5
685,1,7
1232,1,6
340,1,8
343,1,4
1416,1,9
480,1,4
298,0,9
1341,1,5
782,1,5
925,1,7
617,1,10
343,1,3
1343,1,7
15,1,1
987,1,9
964,1,4
18,1,10
287,0,8
157,0,5
1126,0,8
505,1,10
61,1,4
323,1,7
217,1,10
621,1,6
370,1,10
99,1,9
11,1,9
889,1,5
1396,1,10
889,1,3
1351,1,5
225,0,6
611,1,7
708,0,7
232,0,7
385,1,9
633,1,5
947,1,10
679,0,8
206,1,4
873,0,8
246,1,1
314,1,10
798,1,7
262,0,7
762,1,4
629,0,5
1301,1,5
1089,1,8
1363,1,5
231,1,9
712,1,5
547,0,6
502,1,9
890,0,8
477,1,5
762,1,4
847,1,5
597,0,1
1492,1,6
353,1,1
464,0,4
627,1,5
808,1,5
150,1,9
1030,0,10
99,1,3
1456,1,2
408,1,3
787,1,10
998,1,9
234,1,5
263,0,9
676,1,7
454,1,9
382,1,7
453,1,5
386,1,2
1238,1,6
471,1,10
1156,1,8
1368,0,9
154,0,1
946,1,2
126,1,5
217,1,8
889,0,7
1045,0,1
1371,1,3
717,1,10
915,0,6
162,0,4
287,1,8
573,1,6
337,1,8
969,1,7
587,0,8
1485,1,2
605,1,4
1132,1,10
1252,1,9
245,0,2
512,1,3
576,1,8
819,1,7
673,1,8
808,0,4
842,1,10
1491,0,5
667,0,2
165,1,4
872,1,1
170,0,3
515,1,10
500,1,6
1206,1,10
286,1,2
569,1,6
216,1,10
436,1,2
673,1,4
1193,0,8
561,1,3
1375,0,6
354,1,3
73,1,7
537,1,1
1245,1,10
1329,1,6
956,1,2
415,1,9
285,1,2
889,1,2
1380,1,8
25,0,6
781,1,7
736,1,3
773,1,10
365,1,4
354,1,3
1052,1,1
1169,1,8
346,1,4
646,1,1
952,1,7
281,1,7
66,0,8
501,1,1
41,0,7
147,1,10
296,1,5
328,0,1
500,1,10
255,1,7
665,1,4
155,1,2
697,1,9
1423,1,4
558,1,4
20,1,3
1216,0,2
1340,1,7
526,0,5
438,0,7
1271,1,7
352,1,4
762,1,9
836,1,5
424,1,4
1480,1,5
607,1,2
986,0,9
259,1,6
503,0,10
436,1,7
978,0,3
476,1,3
1366,1,4
457,1,7
271,0,5
1039,1,6
258,1,5
1017,1,5
507,1,9
258,1,2
217,1,10
1401,1,3
136,1,2
828,1,6
465,1,2
1122,0,2
405,0,10
1067,0,7
299,1,8
251,1,4
340,0,9
1473,0,5
250,0,9
1447,1,10
283,1,5
653,1,7
327,1,2
622,0,4
255,1,3
924,0,1
269,1,3
727,1,4
47,1,6
1094,1,3
766,0,5
873,1,6
831,1,6
1266,1,2
1421,1,10
912,0,8
1168,1,5
498,1,8
230,0,7
845,1,10
712,0,4
1405,1,9
439,1,9
657,1,4
1016,0,9
724,0,3
888,1,3
710,1,5
662,1,10
1271,1,7
1067,1,7
1398,1,6
250,1,1
1066,1,9
250,1,9
1489,1,7
651,1,10
180,0,4
753,0,10
52,1,10
483,0,2
919,1,5
789,1,2
1343,0,10
724,1,10
182,1,4
744,1,7
1475,0,6
658,1,10
443,1,7
228,0,5
512,1,10
255,1,10
693,1,9
1435,1,9
805,1,7
175,1,1
200,0,5
438,0,4
578,1,3
1399,1,5
415,0,1
383,0,5
944,0,1
1498,1,8
1064,1,5
762,0,6
983,1,8
786,1,4
352,0,2
391,1,10
316,1,7
60,1,9
987,0,6
231,1,4
1266,1,5
1394,1,8
381,1,10
584,1,10
94,1,5
996,1,1
814,0,9
408,1,1
164,1,3
564,1,6
457,1,1
397,0,1
976,1,3
312,1,5
294,1,10
694,0,8
368,1,8
63,1,4
619,0,2
803,1,3
216,1,6
886,1,3
170,1,7
1424,1,1
572,1,10
507,0,4
494,1,9
1090,1,3
210,1,6
471,1,4
313,0,5
341,1,5
369,0,9
1270,0,3
332,1,6
934,1,5
454,0,6
610,1,5
921,1,3
1295,1,2
322,1,2
1282,1,9
723,1,2
945,0,8
568,1,10
253,0,9
590,1,4
1474,0,4
803,1,3
543,0,3
294,1,2
696,1,6
700,1,7
64,1,2
341,1,9
338,1,2
437,1,6
959,1,10
902,0,7
772,0,7
215,0,5
362,1,6
1134,1,2
132,0,4
891,0,8
923,1,2
893,1,2
713,0,5
983,1,3
768,1,9
276,1,7
1217,1,7
17,1,6
956,0,5
174,0,1
1439,1,10
63,1,3
1079,0,7
1345,0,5
1154,1,5
59,1,7
1382,1,4
383,1,9
686,1,6
332,1,8
995,0,1
837,1,9
9,1,1
767,1,8
902,1,4
208,1,5
903,1,6
725,0,9
1159,1,2
565,1,4
44,1,3
748,1,10
303,1,7
882,1,5
29,1,6
8,1,4
885,0,5
41,0,8
559,1,3
579,0,10
966,1,5
133,1,9
246,1,7
505,1,7
1024,1,3
722,1,1
317,0,2
645,1,10
1016,0,8
275,1,2
771,0,6
287,0,1
857,0,2
1310,1,2
44,0,6
332,0,1
954,1,8
149,0,2
127,0,1
389,1,6
1453,0,5
1090,0,10
898,1,8
821,1,2
93,0,1
195,0,3
830,1,3
784,1,4
1288,1,9
938,1,8
956,0,8
625,1,1
242,0,4
1006,1,10
696,1,7
1009,1,4
906,1,5
539,1,5
644,1,1
1371,1,3
305,1,2
120,1,5
300,1,8
629,1,2
1437,0,9
364,1,3
150,1,4
531,1,3
817,0,3
653,1,2
685,1,1
188,0,8
836,0,4
682,1,6
1457,0,2
333,1,4
881,1,4
6,1,1
758,1,2
995,1,10
750,1,3
846,1,4
858,1,7
1443,0,8
659,0,4
157,1,8
465,1,4
888,1,7
186,1,4
162,0,8
147,1,10
62,1,10
513,0,1
697,1,7
996,1,8
941,1,7
204,0,4
1122,1,2
704,1,8
1400,1,7
1495,1,7
14,0,4
857,1,3
1039,0,6
1380,0,5
68,1,5
90,1,3
822,0,5
638,1,4
548,1,10
885,1,8
571,1,2
1170,1,9
322,0,2
654,1,7
702,1,4
1462,0,9
702,0,8
111,1,2
229,0,9
459,1,2
773,0,5
894,1,5
125,1,1
669,1,8
1449,0,4
1198,1,6
1152,0,4
915,1,9
285,1,7
881,0,1
911,0,8
699,1,1
32,1,5
226,1,6
168,1,2
1412,0,7
885,0,1
1075,1,2
1191,1,7
464,1,7
240,1,10
392,1,7
110,1,10
304,0,4
964,1,9
857,1,6
877,1,5
682,1,7
397,1,3
34,1,2
1375,1,5
145,1,8
186,0,3
1368,1,6
662,0,9
267,1,10
410,1,8
53,1,7
519,1,9
1141,1,8
1416,1,1
1093,1,3
10,1,4
999,0,7
435,1,8
571,0,2
138,1,1
184,1,6
137,1,5
131,1,9
528,0,5
780,0,2
107,1,2
371,1,4
1000,1,3
1067,1,3
1258,0,3
1291,1,10
883,1,8
801,0,10
737,0,2
378,1,10
572,0,4
151,1,6
823,1,1
961,1,8
308,1,1
605,0,6
429,0,5
652,1,4
138,0,9
841,0,3
1303,0,8
619,0,8
1415,1,9
258,1,8
506,1,10
134,1,5
678,1,9
906,1,10
505,1,10
90,1,3
195,1,4
29,1,9
1073,1,3
1206,1,2
1497,1,4
1218,1,7
404,0,5
508,0,5
1091,1,9
346,1,7
266,1,6
383,1,10
46,0,6
763,0,9
603,0,1
113,1,2
678,0,7
240,0,6
1116,0,8
638,1,5
813,0,2
652,1,5
1498,1,6
236,0,8
1088,1,5
1043,1,6
38,1,2
896,0,10
389,1,7
756,1,4
846,1,1
803,1,7
280,0,2
969,1,5
1109,0,6
243,0,8
476,0,3
299,0,9
282,1,10
733,1,6
991,1,8
93,1,6
839,1,7
455,1,5
585,1,10
286,1,9
371,1,3
1048,0,6
884,1,2
510,1,3
766,1,1
633,0,10
5,1,10
836,1,10
36,1,8
1386,1,8
1049,1,10
776,1,10
982,1,3
706,0,1
761,0,4
1449,1,1
81,0,1
1318,0,9
714,1,3
711,1,9
1296,1,9
141,1,8
641,1,5
932,0,8
459,1,1
852,0,7
629,1,2
464,1,1
724,0,10
43,1,10
310,1,5
77,1,3
501,0,2
253,1,8
887,1,10
807,1,10
462,1,5
113,1,5
1122,1,5
919,0,8
462,1,1
771,1,1
97,1,7
1314,1,7
924,1,3
880,1,1
389,0,10
1490,1,1
982,0,8
576,1,9
194,1,9
79,1,6
267,1,8
986,1,1
1373,1,5
303,1,4
484,0,1
428,1,3
182,1,8
526,0,3
82,1,4
857,1,2
695,0,6
901,1,7
588,0,2
272,0,5
56,1,1
50,0,7
604,1,4
927,0,5
260,1,1
123,0,1
671,1,8
532,1,9
1220,1,10
436,0,2
557,1,5
245,1,6
635,0,1
969,1,6
976,1,10
248,1,7
711,0,8
545,1,4
111,1,8
469,1,5
154,1,3
783,1,2
725,1,2
942,1,10
157,1,3
156,1,5
352,0,4
229,1,3
850,1,4
8,1,10
479,1,1
164,1,7
390,1,7
957,0,2
748,1,9
365,1,7
552,0,4
1199,1,7
711,1,6
117,0,3
246,1,2
683,1,2
427,1,6
434,1,9
1389,1,9
790,0,10
469,1,9
30,1,4
414,1,1
224,1,1
95,1,3
500,1,8
1244,1,8
46,0,1
710,1,5
317,1,2
987,0,9
474,1,9
196,1,7
153,0,2
1471,1,1
493,1,1
872,1,3
1439,1,7
352,1,10
383,1,7
748,0,10
523,0,2
357,1,7
755,1,4
1418,1,5
1010,0,1
326,0,10
44,1,8
662,1,10
312,0,10
1162,1,6
969,1,2
1252,1,8
907,1,5
504,1,10
827,0,4
1281,1,3
494,1,9
120,1,4
1153,1,5
69,0,7
967,1,4
135,1,1
594,1,2
139,1,6
693,0,3
454,1,7
1379,1,6
532,1,4
1410,1,6
932,1,8
49,1,7
1368,0,6
276,1,9
113,0,8
583,1,2
1056,0,5
313,1,9
135,1,10
23,1,6
416,0,8
729,1,10
797,0,6
1102,1,6
889,0,6
1259,1,10
242,1,10
76,1,5
387,1,4
24,1,3
990,1,10
56,1,2
363,1,2
764,1,9
946,1,2
758,1,6
476,0,10
59,1,7
496,0,3
406,1,7
510,1,9
114,0,4
1124,0,3
1151,1,2
752,1,8
922,1,8
442,1,1
358,1,8
454,0,4
1397,1,4
1243,1,8
526,1,5
187,1,2
829,1,6
746,0,7
301,1,9
1370,1,2
406,1,4
515,1,9
532,0,5
1020,0,1
32,0,5
164,1,5
488,1,9
983,1,2
1267,1,5
413,1,1
997,1,8
863,1,10
728,1,9
838,0,7
171,1,4
1427,0,8
944,1,3
354,0,1
36,0,7
489,1,6
1096,1,10
1127,1,8
472,1,8
801,1,1
774,1,5
85,0,6
1103,1,6
552,1,6
255,0,8
904,1,5
1424,0,1
866,1,3
82,1,7
707,0,10
869,1,5
273,1,8
524,1,2
1426,1,1
814,1,9
1134,1,4
730,1,6
1483,1,4
445,0,4
434,0,2
544,1,5
91,1,8
641,1,3
556,0,8
24,1,9
1432,1,9
77,1,10
1283,0,2
228,0,9
1007,1,6
1227,1,2
14,0,2
1058,0,1
1362,1,4
140,0,1
726,1,7
1273,1,1
213,1,9
385,1,1
84,0,3
373,0,1
4,1,2
548,1,5
819,0,8
1209,0,2
243,0,8
525,1,5
821,0,9
308,1,7
443,1,10
202,1,1
1378,1,3
786,1,1
1429,1,2
343,1,1
79,1,1
517,0,3
694,1,8
769,1,8
1320,1,8
315,1,3
869,1,1
282,0,5
511,0,10
874,1,10
859,1,8
1099,1,6
1065,1,3
650,1,6
414,1,4
181,1,3
1487,1,2
483,1,4
23,0,7
886,1,1
61,1,1
598,0,5
191,1,2
722,1,9
776,1,10
325,0,9
661,0,2
1354,0,4
235,1,1
724,1,10
309,1,6
503,1,6
748,1,1
1396,1,4
586,0,5
51,1,5
688,0,6
364,1,3
1333,1,4
1438,0,3
668,1,3
916,0,2
411,1,4
336,1,9
542,0,5
495,1,8
604,1,5
684,1,2
263,1,8
314,1,3
85,1,4
787,1,2
1086,1,2
515,1,1
516,1,3
279,1,7
158,1,1
35,0,5
428,0,6
1080,1,3
418,0,5
737,1,8
494,1,4
476,1,10
53,0,9
463,1,10
465,1,9
1240,1,5
995,0,8
1088,1,4
828,1,9
133,1,3
330,1,5
760,0,1
1337,1,8
951,1,3
1348,0,7
502,1,2
742,1,10
382,0,1
1359,1,9
177,1,5
1145,1,6
879,0,2
665,0,6
1049,1,1
694,1,4
1246,0,9
1233,1,2
369,1,6
695,1,5
366,0,2
724,1,6
991,1,2
387,1,6
985,1,5
821,1,6
498,1,10
215,1,2
441,1,9
1138,0,3
290,1,3
477,1,10
888,1,8
743,0,2
584,0,2
157,1,7
24,0,2
777,1,2
547,0,10
302,1,2
761,1,8
1096,1,8
1308,0,4
534,1,4
1123,0,8
301,1,7
504,0,3
828,0,5
703,0,2
735,0,8
1103,1,4
1182,1,8
937,0,8
984,0,2
646,0,5
18,1,6
393,1,4
398,1,1
1203,1,2
342,1,3
39,1,2
96,0,8
992,1,10
1184,1,4
490,1,2
884,1,8
1446,0,2
1354,1,6
997,1,9
77,1,3
568,0,7
157,1,5
508,1,4
729,1,3
1423,1,9
1097,0,10
321,1,2
383,1,2
347,1,2
72,1,6
649,1,3
584,0,8
857,1,4
585,1,9
703,0,1
8,1,4
1251,0,6
803,0,4
496,1,9
371,1,4
833,1,4
1088,1,5
432,0,2
131,0,10
536,0,1
115,1,6
1120,1,6
64,1,3
935,1,4
776,0,10
1116,0,8
876,1,1
791,1,2
409,1,4
29,1,7
1440,1,6
246,1,3
146,1,5
991,1,5
761,1,2
374,1,4
1230,1,6
939,0,3
834,0,2
804,1,5
777,0,4
1333,1,10
286,0,6
1213,1,1
731,1,10
1216,0,7
708,1,1
158,0,7
1451,1,1
198,1,1
1385,1,1
224,0,7
925,1,10
1492,0,8
1008,1,8
268,0,4
1018,1,10
564,1,4
310,0,6
680,0,1
1479,1,1
863,0,5
406,1,2
1049,1,3
221,1,6
1170,1,6
364,1,6
422,1,9
73,1,8
671,0,4
981,1,5
978,1,2
48,1,5
253,1,5
739,0,3
381,1,6
226,1,1
759,1,3
906,1,5
510,1,6
68,1,2
212,1,10
16,0,7
665,0,8
1474,1,5
1409,1,1
612,1,2
353,1,9
1438,1,1
520,0,10
155,1,3
580,1,5
1418,1,4
603,1,3
150,1,6
17,1,4
415,0,5
452,1,10
859,0,9
1048,1,8
868,0,6
784,1,3
313,1,2
975,0,2
646,1,10
728,1,2
893,0,3
472,0,9
629,1,8
1104,1,3
658,1,10
1201,1,2
826,0,4
407,1,8
843,0,7
562,1,7
517,1,7
308,1,6
924,1,5
345,1,8
1040,0,4
1224,1,4
677,1,3
307,1,2
75,0,6
395,1,7
320,0,3
333,1,9
224,1,3
879,1,3
1159,1,7
802,1,10
988,1,2
289,0,10
1138,1,1
488,1,9
1362,1,7
477,0,2
109,1,8
501,1,9
1489,1,10
1169,1,5
778,1,5
963,1,7
712,1,8
538,1,10
525,1,10
374,1,10
1034,1,9
1486,1,10
1276,0,4
1401,0,6
439,0,1
7,1,3
998,1,7
270,1,8
291,1,5
475,1,9
41,0,4
469,0,7
949,1,5
927,1,10
1166,1,9
24,1,5
746,1,8
665,0,10
773,1,7
887,1,7
1231,0,3
359,1,1
181,1,5
1494,0,1
1345,0,2
666,1,1
1372,1,8
1162,1,10
1383,1,9
1396,1,7
535,0,9
562,1,10
828,1,5
904,0,8
1242,1,8
144,0,3
177,0,7
10,1,7
1033,1,7
1033,1,6
443,1,9
394,0,9
336,0,8
1070,1,1
78,1,3
403,1,8
1495,0,2
1149,1,7
145,1,9
327,1,8
820,0,8
1099,1,9
1399,1,10
869,1,3
199,0,7
412,1,6
408,0,9
624,1,9
105,0,4
95,1,3
190,1,8
793,1,9
785,1,3
81,1,8
1194,1,7
236,1,5
497,1,9
337,1,8
237,0,7
626,1,4
383,0,2
218,1,4
755,1,6
585,1,1
1224,1,3
877,1,9
616,1,1
379,1,9
1131,1,1
180,1,10
1125,1,8
63,0,8
346,0,6
187,1,10
823,1,8
386,1,5
389,1,4
874,1,7
265,1,2
156,1,3
1293,1,2
854,0,3
462,0,3
1215,1,6
143,1,2
428,1,9
1113,1,1
236,1,8
97,1,9
235,1,2
1277,1,7
253,1,4
549,1,5
452,1,3
580,0,6
1268,0,9
114,0,9
879,1,5
310,1,4
5,1,6
1252,1,6
295,1,9
363,0,4
1284,1,6
469,1,5
91,0,1
684,1,4
1296,0,7
1482,1,7
111,0,1
1413,1,3
387,1,7
853,0,1
323,1,10
610,1,2
14,0,10
883,1,7
979,1,5
307,0,10
629,0,2
38,1,10
559,0,10
362,0,5
948,1,1
614,0,1
670,0,10
1370,1,10
540,1,3
673,0,10
1007,1,7
157,1,1
990,0,2
586,0,8
516,0,9
523,1,5
775,0,8
938,1,1
1205,0,3
1056,1,6
431,1,6
408,0,2
1382,1,8
89,0,5
419,1,4
1146,1,6
71,0,8
216,0,5
413,1,1
573,0,6
198,1,6
1097,0,5
1349,1,1
475,0,1
490,0,1
524,1,9
233,1,1
485,0,7
811,0,9
400,0,1
418,1,4
301,1,3
363,0,3
1222,1,6
718,0,10
334,0,5
193,1,6
578,0,10
1291,1,5
935,1,6
1470,0,10
1399,1,1
739,1,6
338,1,5
568,1,10
964,1,2
419,1,3
822,1,10
1322,1,8
1153,1,7
1481,0,7
231,1,9
684,1,2
1020,1,4
664,1,2
865,0,2
150,1,1
326,0,8
755,0,6
876,1,7
614,0,1
171,0,7
89,1,3
1223,0,5
355,1,9
302,1,8
1353,0,8
443,1,2
565,0,9
1223,0,3
111,1,3
644,0,3
105,1,4
11,1,5
28,0,7
834,0,1
677,1,9
286,1,7
1374,1,5
950,1,1
395,0,10
240,1,4
545,0,7
186,0,6
589,0,10
1104,1,3
231,1,7
820,0,5
1115,1,5
1074,1,2
239,0,5
1001,0,4
763,1,5
53,1,6
458,1,8
918,1,7
705,1,7
1126,1,7
1389,0,1
160,1,4
1453,1,2
680,1,1
110,1,9
555,1,6
1416,1,4
609,0,8
593,1,9
449,1,10
240,1,3
951,0,2
123,1,6
1490,0,8
1306,0,10
808,1,7
1291,1,1
379,1,2
925,0,2
669,0,4
788,1,2
117,1,5
1203,0,1
422,0,6
360,1,3
440,1,3
987,1,9
34,1,7
1403,0,1
68,1,9
812,1,3
309,1,4
723,1,6
399,1,6
513,1,5
899,1,2
1213,1,4
14,1,7
232,1,6
411,1,8
265,1,1
542,1,5
551,0,4
20,1,7
662,1,5
843,1,9
469,1,7
403,1,8
846,1,5
598,1,6
908,0,6
745,1,3
218,1,10
845,0,3
438,1,3
444,0,3
776,1,7
182,0,6
611,1,7
815,0,6
557,0,7
1007,0,6
920,0,8
21,1,5
1385,1,7
267,1,3
299,1,8
874,1,3
974,1,9
894,0,8
645,1,2
659,0,2
1207,1,4
862,0,5
1322,1,10
299,1,10
400,1,7
773,0,3
945,1,2
329,0,2
230,1,1
407,1,1
73,1,3
587,1,2
358,1,1
934,1,7
144,1,7
212,1,8
1146,1,1
169,1,10
977,1,6
74,1,4
1469,0,10
875,1,1
185,1,1
69,1,10
984,1,9
1210,1,2
235,0,2
301,1,9
36,1,2
859,1,10
211,1,4
929,1,6
819,1,2
987,0,6
1289,1,1
1408,1,10
518,1,3
237,1,1
354,1,6
572,1,1
694,1,1
109,0,5
132,1,10
1002,1,9
285,1,5
235,0,8
922,0,5
600,1,5
1195,1,1
488,1,4
936,1,3
430,1,4
392,1,2
556,1,5
388,1,3
646,1,5
31,0,10
1155,0,1
725,0,9
36,0,7
214,1,6
221,1,4
1,1,6
1251,1,9
440,0,5
891,1,10
139,1,10
389,1,10
58,0,9
1475,1,3
258,1,10
275,1,9
1287,1,6
957,0,9
459,1,4
213,0,1
33,0,5
578,1,9
1417,1,1
1029,0,9
1172,0,2
3,1,4
1451,1,7
160,0,6
450,1,5
912,1,4
755,1,8
685,0,9
1124,1,7
133,0,7
462,1,2
1414,1,8
785,1,8
658,1,10
936,0,2
40,1,1
474,1,6
391,1,2
951,1,5
22,1,6
667,1,7
282,0,6
1351,1,6
59,1,4
620,1,6
828,1,1
768,1,6
842,0,9
1333,0,2
707,1,4
348,1,8
71,1,4
459,1,4
880,1,4
458,0,8
540,1,1
1157,1,8
1034,1,8
600,0,3
810,1,5
565,1,10
777,1,7
208,1,7
648,1,8
86,1,2
62,0,5
308,0,9
220,0,2
1425,0,4
983,1,10
113,0,8
24,1,6
931,1,5
752,1,10
830,0,3
331,1,2
424,1,9
1060,1,9
769,0,4
34,1,9
188,1,1
781,0,3
16,1,8
1085,0,4
773,1,4
222,1,3
330,1,5
607,0,1
854,1,5
287,1,7
1194,1,1
367,0,7
462,1,10
843,1,8
779,1,2
412,1,3
777,1,9
65,1,5
1074,1,6
884,1,4
224,1,9
896,1,8
61,1,9
731,1,2
1018,0,9
937,1,1
33,1,1
381,1,1
49,1,10
975,1,6
84,1,1
1343,0,7
229,0,5
421,0,9
32,1,10
325,0,6
1047,1,5
1235,0,7
1150,1,7
242,1,2
1354,1,9
569,0,2
753,0,6
106,1,1
309,1,3
1236,1,1
244,0,3
1310,1,3
1346,1,6
190,1,8
1433,0,10
738,1,8
527,0,1
1074,1,5
1231,1,8
414,1,4
662,1,5
808,0,10
201,1,3
365,1,3
430,0,1
1337,0,3
129,1,1
1209,1,10
214,1,10
1487,1,2
436,1,8
1226,1,8
1237,1,6
255,1,8
309,0,2
256,1,10
912,1,9
560,0,3
497,1,7
379,1,3
472,1,6
126,0,8
462,0,7
728,1,7
942,1,7
392,1,1
555,1,3
758,1,7
195,1,3
651,1,1
488,0,10
218,1,6
579,0,5
180,0,3
272,1,4
1057,1,3
698,1,5
75,0,2
437,1,5
908,1,8
181,1,1
521,1,6
242,1,4
1427,1,3
231,1,3
607,1,9
129,1,6
119,1,4
989,1,9
818,0,6
723,0,9
186,1,7
1075,1,7
416,1,1
1196,1,8
159,1,5
162,1,6
376,0,2
514,1,3
788,1,4
389,1,9
1015,1,1
244,1,7
174,1,9
1278,1,2
28,1,9
635,1,10
490,1,6
948,1,2
942,1,1
1298,0,5
1255,1,7
984,1,4
208,0,5
683,0,5
227,1,9
874,1,3
382,1,1
1380,1,9
827,1,4
739,1,9
1307,0,9
446,1,2
732,1,6
273,0,8
798,1,9
366,0,2
741,0,2
1457,1,1
726,1,3
411,1,4
253,1,6
1054,1,10
333,1,7
345,1,7
155,1,5
836,1,4
1450,0,2
936,1,2
448,1,7
1271,0,4
679,1,4
992,1,1
949,1,6
390,1,8
849,1,2
287,1,9
1336,0,7
401,1,4
167,0,5
1314,1,6
636,1,5
217,0,10
573,1,4
422,0,8
967,1,2
958,1,10
170,1,8
193,1,3
782,0,6
1054,1,9
882,1,5
960,1,2
115,1,5
266,1,8
81,0,4
15,0,2
1131,1,7
1441,1,6
965,1,5
546,0,5
292,0,5
355,1,8
89,0,3
1302,1,10
118,1,1
427,1,8
1252,0,1
573,0,2
295,0,1
953,1,10
1311,0,9
326,0,4
570,1,10
928,1,3
900,1,4
880,0,10
196,0,2
44,1,5
683,1,3
392,0,1
276,0,5
134,0,4
17,1,2
1408,1,8
957,1,4
254,1,5
1185,1,5
884,1,8
675,1,1
698,1,10
1460,1,2
425,1,9
695,1,8
148,1,5
1039,0,7
293,1,7
228,0,8
1448,0,10
995,0,1
457,1,2
983,1,10
1046,1,4
1010,1,2
1199,0,8
242,0,8
331,1,4
1410,0,5
651,1,3
232,0,5
1340,1,5
1055,1,9
67,1,5
1436,0,2
290,0,5
871,1,2
2,1,8
762,1,5
620,1,8
474,1,2
374,0,7
1304,1,2
375,0,4
65,1,2
606,1,9
797,1,10
983,1,4
668,0,6
538,1,9
345,1,2
423,1,1
220,1,9
928,1,1
968,0,9
1436,1,8
872,1,9
269,1,2
208,1,1
909,1,2
900,1,3
884,0,9
1202,1,2
142,1,10
1143,1,1
1355,1,8
833,0,3
491,0,8
873,1,5
841,1,4
153,0,6
277,1,8
427,1,9
299,0,8
880,1,2
929,0,8
697,1,6
703,0,4
906,1,8
346,0,2
664,1,4
312,1,10
561,0,3
917,1,9
1006,1,4
405,1,8
1283,0,2
55,1,10
1063,1,9
1209,1,8
194,1,7
923,1,9
1157,1,10
24,1,1
1330,1,7
468,0,2
206,0,5
752,1,7
384,1,8
296,1,2
330,0,4
1138,1,4
408,1,3
930,0,10
305,0,1
197,0,7
1088,1,10
166,1,2
667,1,2
863,0,4
484,1,8
993,0,9
994,0,9
1287,1,2
350,1,4
1251,1,8
473,1,5
232,1,6
560,1,2
1096,0,4
872,0,9
166,1,4
383,1,3
1381,0,4
686,0,2
1390,0,9
799,0,9
1097,0,3
1298,0,10
404,1,6
440,1,8
626,1,10
817,1,9
1456,0,8
130,1,2
1385,0,9
456,1,6
852,1,1
886,1,2
15,0,2
438,1,2
5,1,3
463,1,4
440,0,5
324,0,5
169,1,4
1061,1,10
21,0,1
114,0,7
395,1,7
656,1,2
143,0,4
224,1,9
230,1,1
814,0,10
476,1,3
1400,0,2
257,1,3
110,1,9
1266,1,5
124,1,3
935,1,10
54,1,3
390,1,2
530,1,10
1016,1,7
166,1,6
247,0,4
1294,0,6
136,1,6
1025,0,1
151,0,2
1250,1,1
331,1,3
1498,1,9
232,0,3
1412,1,10
470,0,10
234,1,10
935,0,3
427,1,8
512,1,3
522,1,7
1436,1,10
1357,1,2
630,1,6
849,0,7
112,1,3
1039,1,10
946,0,6
30,1,7
1366,1,9
315,1,10
705,0,2
171,0,4
764,1,7
100,1,8
737,1,1
1367,1,8
496,1,3
1022,1,1
755,1,4
159,1,6
922,0,5
945,0,6
938,1,9
1101,1,5
61,0,4
608,1,4
594,0,3
1430,0,8
145,1,8
487,1,5
339,0,8
121,1,6
11,1,5
1078,1,7
467,1,3
33,1,9
203,1,7
727,0,2
1397,1,4
1331,0,5
293,1,1
1475,0,7
135,0,10
643,1,1
91,1,1
47,0,6
82,0,1
679,1,7
730,1,6
1053,1,7
815,1,7
605,0,1
544,0,2
1372,0,1
1068,1,9
743,1,7
1005,1,10
232,1,6
738,1,2
443,0,3
475,1,7
240,1,3
270,0,9
129,1,6
188,1,7
1408,0,2
700,1,4
242,0,3
399,0,4
669,0,9
717,1,5
753,0,7
47,1,10
718,1,1
624,0,5
188,1,9
1362,1,5
1342,0,3
444,1,9
505,0,7
608,1,6
504,0,7
486,1,9
302,0,5
847,1,3
514,0,2
1359,0,5
884,0,4
305,0,2
1103,0,7
458,1,5
377,0,6
829,0,5
853,1,10
510,1,5
966,0,3
1404,1,4
672,0,4
822,1,3
98,1,6
902,1,3
768,1,5
67,0,9
229,1,2
196,0,3
1231,1,7
433,1,1
272,0,5
764,1,7
901,1,10
865,0,7
937,0,8
934,0,5
213,1,1
292,1,1
176,0,3
298,1,4
203,1,8
119,1,5
1271,1,10
276,0,1
22,1,7
222,1,8
172,1,3
1202,1,10
764,1,5
487,1,9
402,1,8
1179,1,7
204,1,10
1049,1,7
1255,1,10
1334,1,8
156,0,6
473,0,9
644,1,2
706,1,8
1244,1,1
397,1,2
846,0,5
262,0,8
884,0,5
1066,0,1
547,0,6
624,1,7
857,1,10
827,1,3
653,1,6
558,1,4
31,1,1
764,1,9
1471,0,3
1255,0,6
855,1,2
803,1,9
210,0,10
235,0,1
1106,1,7
1081,0,2
1164,0,4
1353,1,5
1449,1,3
1376,1,7
688,1,3
28,1,3
1103,0,1
967,1,2
753,1,7
502,1,9
94,0,5
529,1,5
947,1,5
312,0,7
187,0,4
525,0,10
1067,0,2
290,1,1
1480,1,4
47,1,7
451,1,5
976,1,1
804,1,4
480,1,7
1222,1,6
1188,0,5
1311,1,2
259,0,9
256,0,1
288,1,5
1398,1,6
395,1,10
764,0,7
499,1,7
833,0,2
839,1,7
653,1,5
757,1,8
1083,0,2
649,0,2
312,1,3
290,0,7
1042,1,8
602,1,7
1483,1,10
1014,1,5
259,1,1
403,1,9
1215,1,2
1222,1,6
819,1,9
756,0,7
987,0,9
636,1,5
1166,1,9
585,0,10
824,0,7
569,1,8
795,1,7
219,1,2
995,1,6
534,0,3
156,1,10
591,1,7
705,1,1
530,0,8
953,1,6
405,0,4
807,1,8
130,0,6
913,1,9
478,0,10
825,1,2
43,1,10
155,1,1
741,1,2
873,1,2
1058,1,4
1017,1,9
361,0,7
679,1,3
1498,1,9
1065,0,9
694,0,3
272,0,5
305,1,10
646,1,3
988,1,2
168,1,8
135,1,2
688,1,4
43,1,8
115,1,9
1130,1,4
103,1,3
990,1,9
977,0,6
774,1,7
649,1,9
905,1,3
354,0,8
542,0,1
333,1,1
980,1,1
980,1,10
1056,0,7
477,0,8
289,1,8
209,1,10
610,1,2
622,1,9
914,1,10
156,1,8
792,1,4
969,0,4
767,1,2
1180,0,1
988,1,10
1359,1,8
434,1,6
510,0,5
836,1,10
1235,1,5
219,1,3
249,1,1
247,1,9
1201,1,1
840,1,5
1430,0,9
253,1,8
939,1,10
740,0,10
394,1,10
362,1,4
379,1,3
737,0,3
1165,1,10
808,0,8
1346,1,1
622,1,9
836,1,1
361,1,6
669,1,10
231,1,1
511,1,3
349,1,8
1351,1,10
771,1,6
982,1,8
831,1,4
735,0,6
880,1,7
1115,1,8
909,1,9
250,0,9
1360,1,7
76,1,6
983,0,4
105,1,3
1266,0,3
336,1,2
725,1,1
567,1,7
1150,1,5
1432,0,1
1061,1,10
629,1,5
427,1,3
656,1,6
1417,1,8
752,1,5
826,1,7
275,1,5
673,1,7
26,1,1
438,1,1
1347,1,1
882,0,10
353,0,8
581,1,7
454,1,9
80,1,9
126,1,2
1098,1,8
543,1,5
1038,0,10
879,0,4
107,0,10
375,1,6
301,1,10
1287,1,3
659,1,8
1197,0,4
634,0,9
229,1,8
244,1,6
284,1,2
25,0,7
879,1,7
672,0,6
589,1,3
739,1,1
116,0,8
371,1,8
1372,1,4
753,0,3
591,0,8
67,1,3
265,1,9
51,0,10
1208,1,9
28,1,1
265,0,3
282,1,10
977,1,3
1130,1,8
488,1,8
895,0,8
1443,1,7
1288,0,1
1236,0,7
917,0,10
397,1,2
297,0,3
811,1,4
636,0,9
1330,1,3
680,1,5
871,1,9
65,0,10
112,1,8
575,1,3
1264,0,1
207,0,10
613,1,1
734,1,2
104,0,1
533,1,8
226,1,3
620,1,7
121,1,4
578,1,4
259,1,6
421,1,7
537,1,9
804,0,9
1074,0,4
859,1,7
996,1,10
969,1,6
410,1,7
979,1,8
1291,1,9
511,0,3
732,0,4
837,1,4
945,1,9
699,1,3
495,1,9
170,0,5
703,1,5
637,0,6
292,0,7
787,0,4
812,0,2
208,1,2
1405,1,2
1451,1,8
1377,1,3
178,1,9
679,0,4
183,1,2
502,1,4
852,1,2
778,0,6
621,1,3
388,0,9
971,1,7
860,1,4
594,1,5
1015,1,7
326,1,8
752,0,10
995,1,8
711,1,8
723,1,9
226,0,9
588,0,7
357,1,1
309,0,3
604,1,3
761,0,5
63,1,6
1304,0,6
126,0,8
551,1,5
931,1,8
80,1,2
1207,1,1
149,1,8
722,0,9
774,1,8
771,1,1
457,1,9
730,1,7
838,1,8
174,1,1
901,1,4
876,1,5
580,1,1
624,0,10
404,0,2
51,0,1
201,1,7
1324,1,8
777,1,3
328,0,9
830,0,7
685,1,3
188,1,10
931,1,7
592,1,5
853,0,1
618,0,8
661,1,10
518,0,8
820,0,4
881,0,8
1184,1,6
496,1,10
731,0,8
771,1,4
561,1,5
1412,1,9
1337,1,8
1222,1,4
545,1,5
790,0,5
1222,1,5
1368,1,6
855,1,1
619,1,5
1132,0,9
728,1,5
1105,1,10
806,1,7
973,0,4
563,1,3
497,1,3
590,0,9
144,1,10
276,0,2
505,1,6
925,1,4
852,0,9
948,1,8
1172,1,10
1330,0,1
633,1,9
169,1,2
328,0,3
723,0,3
137,0,3
560,1,3
761,0,10
397,1,8
632,0,7
902,1,8
865,1,6
740,1,4
742,0,10
319,1,6
343,0,8
466,1,5
766,1,9
679,0,1
1003,1,1
924,0,6
1332,1,2
143,0,8
642,0,10
252,1,7
1371,1,3
394,1,7
923,1,3
1044,1,4
176,1,8
340,1,5
1466,1,2
634,1,7
688,1,2
267,0,9
1420,1,5
541,1,8
340,1,8
517,1,8
711,0,6
198,1,9
350,1,9
1072,1,1
410,1,10
626,1,3
824,1,3
800,0,5
840,1,9
161,1,9
491,1,8
1101,1,4
734,1,3
95,1,10
3,0,6
1142,0,3
1485,1,8
374,0,4
14,1,7
89,1,3
359,1,8
1300,1,9
852,0,5
113,0,1
1448,1,4
346,1,7
399,1,3
1137,0,8
224,1,8
1492,0,5
189,0,10
27,0,7
684,1,4
351,1,7
646,1,3
231,1,2
750,1,9
86,0,9
722,1,8
1041,1,8
173,1,1
969,1,7
949,1,2
1318,1,3
397,1,6
945,1,7
336,0,6
760,1,2
256,0,8
913,1,3
820,1,1
1275,1,1
1194,1,9
123,1,10
463,1,10
307,1,10
876,1,3
981,1,6
370,1,7
1062,1,7
880,1,1
65,0,6
118,1,4
215,0,9
897,0,2
627,1,4
1425,1,4
828,1,6
824,0,6
546,1,1
1427,0,9
853,0,7
515,1,1
375,0,6
758,1,5
224,0,9
191,0,3
1453,1,9
136,0,10
150,1,5
896,0,4
153,1,5
1471,0,4
396,1,6
154,1,7
206,1,8
1164,1,5
833,0,1
264,1,6
256,1,6
1100,1,3
646,0,2
330,1,3
81,1,1
479,1,9
1061,1,8
155,1,3
425,1,9
981,1,7
1403,0,2
794,1,1
645,0,6
1084,1,9
387,1,6
29,1,10
472,0,3
1354,1,7
392,1,10
417,1,1
753,1,10
144,1,10
8,1,10
63,1,1
960,1,5
838,1,3
915,1,6
971,0,7
940,0,10
295,0,10
494,1,2
1420,1,10
182,0,3
632,1,8
938,1,4
508,1,8
398,1,1
768,1,7
142,0,3
1178,1,3
902,1,10
38,1,6
334,1,5
235,1,5
155,1,7
346,1,1
347,1,1
653,1,9
1115,1,9
196,1,1
6,0,2
431,1,2
1261,1,6
276,1,4
676,0,1
283,1,9
856,0,5
148,1,10
521,0,1
225,1,7
1434,1,7
427,1,8
232,1,5
149,0,1
657,1,10
1374,1,10
959,1,9
145,1,10
1108,1,3
886,1,9
933,1,6
413,1,4
1218,1,1
66,1,2
868,1,4
1137,0,5
616,1,6
140,1,1
35,1,3
1399,1,3
338,1,3
83,1,9
1463,1,3
873,1,4
408,1,8
438,1,10
1008,1,4
64,1,1
1348,0,1
704,1,5
1463,1,9
182,0,7
822,0,8
445,1,10
168,1,1
305,1,6
651,0,3
99,1,6
477,0,6
1185,1,5
794,1,1
676,0,2
648,0,7
641,1,6
228,1,3
913,0,3
319,1,10
481,0,3
1249,0,6
800,1,2
433,1,1
703,1,6
330,1,4
312,1,8
1312,1,4
629,0,10
329,1,3
42,1,9
905,1,6
167,0,7
1110,0,9
1216,1,9
602,0,4
718,1,3
229,1,2
764,1,9
1112,0,7
308,1,4
677,1,4
630,1,10
911,0,5
1323,1,10
179,1,10
1289,1,8
907,1,10
208,1,6
455,1,2
710,1,10
1427,1,2
712,1,4
991,1,1
202,1,3
936,1,5
481,1,4
938,1,4
1463,1,7
1339,1,9
159,1,6
1319,1,2
1312,1,2
1176,0,3
1166,1,6
784,1,7
442,1,9
662,0,7
272,1,8
1275,0,9
551,1,8
796,1,8
511,1,1
871,1,7
750,1,7
1069,0,8
286,0,2
870,1,8
2,1,6
970,1,8
228,0,2
1093,0,7
97,0,1
356,1,5
296,0,9
408,0,1
849,1,1
397,0,4
72,1,5
1247,0,6
790,0,6
652,1,3
865,1,3
1488,1,10
1248,1,5
839,0,1
270,0,3
165,0,10
742,1,10
419,1,3
404,1,1
246,0,1
1298,1,2
933,0,7
292,1,7
26,0,7
78,1,7
429,0,4
1167,0,10
1241,0,10
414,0,8
1163,0,2
816,1,7
232,1,5
614,0,3
540,0,6
391,1,6
781,1,9
310,1,8
603,1,4
306,0,5
637,1,6
980,1,3
260,0,7
416,1,7
1473,1,10
738,1,8
687,1,3
1310,1,2
205,1,2
808,1,4
383,0,10
453,0,4
989,1,2
693,1,3
76,1,8
120,0,7
289,1,1
894,1,9
1355,1,5
454,1,8
555,1,4
96,0,6
982,1,2
947,0,5
783,1,2
162,1,9
37,0,4
1302,0,3
1284,1,10
296,1,1
215,1,7
617,1,6
563,0,5
275,1,4
875,1,5
560,1,2
457,0,8
570,1,8
762,1,2
5,1,9
351,0,4
243,1,10
95,1,3
187,1,9
45,0,10
692,1,2
278,0,8
182,1,10
882,1,5
128,1,9
888,1,7
722,1,1
365,1,3
974,1,8
1041,0,10
685,1,4
443,1,8
1458,1,2
903,1,10
541,0,4
926,0,2
604,0,8
372,0,2
411,1,2
1429,1,6
1452,1,8
378,0,6
1077,1,10
1273,0,1
698,1,3
135,1,6
319,1,9
1115,0,6
972,1,8
405,0,8
456,1,4
223,1,5
1440,1,10
826,1,1
963,1,7
742,1,5
86,1,7
666,0,1
97,0,10
881,1,6
878,1,7
759,1,7
59,1,7
217,0,4
144,0,8
702,1,10
833,1,1
401,1,1
526,1,4
813,1,7
999,1,3
134,1,6
479,1,10
703,0,5
1434,1,5
708,1,2
515,1,8
404,0,1
1336,0,3
538,1,10
663,1,2
115,1,7
366,1,9
860,1,8
757,1,8
59,1,10
960,1,5
721,1,1
919,1,3
911,1,8
984,1,4
812,0,4
1495,1,1
650,1,6
843,0,1
224,0,2
729,1,2
940,1,3
926,1,6
1228,1,6
1107,1,3
14,0,2
325,1,2
925,0,8
799,1,4
436,1,6
338,0,1
301,1,7
1145,1,7
384,0,1
741,1,2
303,0,8
455,1,6
35,0,9
452,1,8
939,1,7
275,1,5
527,1,10
742,0,6
261,1,9
1055,1,1
679,0,8
660,1,7
1227,1,5
783,1,3
997,1,6
7,0,8
114,1,6
1252,1,3
471,0,4
333,1,4
620,0,6
208,1,10
1138,1,8
93,1,9
31,1,8
961,1,8
1402,1,9
539,1,3
877,1,2
846,0,7
1032,1,7
447,1,6
174,1,4
58,0,10
342,0,1
1214,1,5
456,0,2
670,1,7
134,1,7
534,0,10
253,1,6
785,1,6
549,1,4
660,0,9
210,1,9
987,1,7
110,0,5
248,1,1
599,1,3
312,1,5
1168,1,9
111,0,4
424,0,3
1183,1,1
881,1,8
478,1,2
326,0,2
1034,1,3
1485,1,3
336,1,1
971,1,4
1227,1,7
1208,0,4
798,1,3
1175,1,3
67,0,8
177,0,9
10,0,5
394,0,2
1250,1,7
898,1,4
141,0,9
688,1,10
422,1,3
1373,1,7
83,1,10
155,1,9
478,0,7
558,1,6
1480,0,10
657,1,3
277,1,3
1086,1,3
98,1,3
1031,1,10
897,1,1
725,1,7
807,1,7
198,1,1
553,0,2
336,0,7
696,1,2
497,1,7
574,0,4
499,1,8
357,1,4
230,0,9
39,0,3
270,0,3
895,0,10
904,1,5
14,0,1
691,1,10
416,1,2
604,1,10
731,1,7
363,0,2
1476,1,8
705,1,7
418,1,3
485,0,7
482,1,3
1190,1,8
1120,1,7
236,0,5
902,1,6
614,1,6
526,1,4
177,1,1
122,0,8
479,1,4
820,1,4
1114,1,6
1053,0,10
333,0,3
514,1,6
1080,1,9
102,1,10
265,1,5
906,1,6
309,0,2
686,0,7
175,1,4
132,1,10
925,1,3
410,1,9
322,1,2
534,1,4
1115,0,8
763,1,5
1086,1,8
1270,0,7
1343,1,2
581,0,1
1313,0,2
36,0,6
642,1,9
1336,1,2
490,0,3
31,0,6
728,1,8
16,1,6
642,1,5
1049,1,2
1480,1,8
248,0,1
867,1,2
1107,1,2
852,1,2
877,1,8
983,0,5
317,1,8
468,1,5
809,1,7
902,1,3
448,1,7
1142,0,6
623,1,8
886,1,10
1470,0,3
825,0,9
872,1,2
314,1,5
694,1,10
174,1,6
554,1,1
101,1,5
449,1,1
183,1,6
1362,1,7
1447,1,8
991,1,7
449,0,5
729,0,7
265,0,2
734,1,9
1233,1,7
510,1,4
248,1,2
31,1,10
1163,1,5
1004,1,3
888,1,5
323,1,5
986,1,5
47,1,10
1251,1,8
12,0,5
896,1,6
818,0,2
575,1,5
24,1,10
213,1,9
148,1,3
744,0,6
730,0,6
648,1,4
233,1,1
600,1,4
1280,1,9
1087,1,10
1428,1,8
974,1,2
83,0,5
562,0,1
538,1,4
86,1,7
363,1,8
657,1,5
287,1,9
86,0,3
590,1,9
646,1,2
663,1,6
958,1,1
222,1,10
4,1,2
9,1,2
1201,1,9
605,1,3
537,1,5
1352,0,3
603,0,2
836,1,6
302,1,7
958,1,2
107,0,5
973,1,3
944,1,7
812,1,2
1210,0,8
164,1,6
608,0,7
926,0,6
1082,1,1
425,1,9
302,1,7
778,1,9
698,0,7
82,1,3
1334,0,1
833,1,5
717,1,4
652,1,5
493,1,1
628,1,1
381,1,1
432,1,2
375,0,6
903,1,9
597,1,8
583,1,10
520,1,5
1403,0,5
1142,1,6
56,1,9
858,1,1
34,1,2
1094,1,3
525,1,8
342,1,8
496,1,9
316,0,7
224,1,9
847,1,4
328,1,5
319,0,8
726,0,4
1478,1,10
1003,0,9
653,1,4
450,1,5
502,1,7
802,1,6
599,1,1
346,1,8
534,1,6
434,1,3
884,0,8
318,0,1
211,1,5
202,1,8
57,1,2
329,1,10
1008,1,9
4,1,2
1064,1,10
61,1,6
381,0,7
850,1,2
498,1,7
1127,0,10
428,1,4
1280,1,10
1092,0,8
1436,1,4
1010,1,7
888,1,4
1186,0,5
888,1,7
565,0,9
900,1,3
1258,1,7
503,1,10
370,0,10
408,1,8
189,0,3
449,1,1
490,1,2
648,1,1
53,1,3
1041,1,1
1,1,7
387,1,4
413,0,2
681,1,10
328,1,5
626,1,5
780,1,7
245,1,3
1096,0,1
1123,1,6
86,0,10
270,1,5
111,0,2
622,1,7
292,1,6
262,1,7
1351,0,1
1238,1,7
1179,1,9
1052,0,9
43,1,2
157,0,4
1174,0,7
549,0,3
18,0,3
811,0,8
988,0,8
216,1,5
407,1,1
928,1,4
808,1,10
847,1,5
206,0,7
215,1,3
914,1,3
327,1,1
1420,1,5
425,0,5
1178,0,4
185,1,4
237,1,1
828,0,9
723,1,5
1129,1,5
153,1,10
1084,0,7
68,1,4
856,0,4
1436,1,8
532,1,1
462,1,5
1491,1,7
1189,1,2
635,0,10
15,0,10
946,0,4
726,1,10
686,1,6
151,0,5
1301,0,4
605,1,1
1006,1,6
472,1,8
843,0,1
516,0,8
37,1,1
903,1,3
51,1,9
414,1,4
639,0,1
889,1,10
298,0,4
559,1,2
993,1,7
77,0,2
130,1,6
737,1,6
1166,1,10
1145,1,9
532,1,6
70,1,3
43,1,1
265,1,4
35,1,5
1106,0,10
1146,1,7
975,1,1
1133,0,9
1142,0,8
202,1,5
260,1,1
1456,1,1
558,1,5
390,0,8
232,1,10
1152,1,9
566,0,9
1025,1,5
161,1,8
344,1,2
972,1,8
1158,1,3
722,1,4
910,1,9
1192,1,2
1323,0,6
760,1,9
954,1,4
527,0,10
141,0,9
33,1,2
335,0,4
1232,1,9
230,1,4
87,0,10
136,1,7
595,0,5
357,1,7
283,1,8
112,1,1
219,1,3
91,0,6
1153,1,4
112,0,6
1112,1,6
1271,0,8
1101,1,4
329,1,9
242,1,6
48,1,7
680,0,9
30,1,4
7,0,5
1239,0,10
1086,0,8
85,0,5
318,0,4
564,0,4
1311,0,7
1126,0,9
633,0,7
974,1,1
1239,1,8
270,1,2
379,0,9
162,1,4
667,1,7
1308,1,8
967,1,5
1027,0,8
260,1,5
82,0,2
968,0,2
354,0,9
17,1,7
867,0,6
28,0,4
1262,1,9
1324,1,6
280,1,2
627,1,10
81,0,4
1364,0,5
1491,1,5
22,1,1
906,0,10
